,score
0,-1
1,0
2,-3
3,-2
4,-2
5,1
6,-1
7,0
8,-2
9,-2
10,-4
11,0
12,-8
13,0
14,-4
15,-1
16,0
17,-2
18,0
19,-2
20,1
21,-4
22,2
23,0
24,2
25,-1
26,-2
27,2
28,-2
29,-1
30,0
31,1
32,1
33,0
34,-1
35,-3
36,0
37,1
38,-2
39,-4
40,-2
41,-1
42,0
43,-3
44,-2
45,2
46,3
47,1
48,0
49,1
50,-1
51,2
52,0
53,-5
54,0
55,-3
56,0
57,-1
58,-2
59,0
60,-1
61,-2
62,-1
63,-1
64,1
65,0
66,-3
67,-1
68,-1
69,-3
70,-1
71,3
72,1
73,-1
74,-4
75,-3
76,-4
77,0
78,-1
79,2
80,1
81,-1
82,0
83,-2
84,-2
85,0
86,1
87,-3
88,1
89,-1
90,1
91,1
92,-1
93,-2
94,2
95,-4
96,-1
97,-4
98,-3
99,-5
100,-3
101,-3
102,-1
103,-2
104,-4
105,6
106,-1
107,1
108,3
109,-3
110,-1
111,-1
112,-1
113,-1
114,1
115,-2
116,-2
117,0
118,-1
119,-4
120,1
121,0
122,-7
123,1
124,1
125,1
126,-1
127,-1
128,1
129,-2
130,-1
131,2
132,-4
133,-1
134,2
135,-2
136,1
137,4
138,-2
139,-2
140,1
141,1
142,-3
143,-1
144,-4
145,0
146,0
147,-1
148,-1
149,1
150,0
151,0
152,-2
153,-1
154,-2
155,1
156,-1
157,-3
158,1
159,-1
160,1
161,1
162,2
163,-1
164,0
165,2
166,1
167,-1
168,-1
169,1
170,0
171,3
172,0
173,-4
174,2
175,-4
176,-1
177,-3
178,-2
179,1
180,-2
181,-3
182,-2
183,-2
184,0
185,0
186,0
187,-1
188,1
189,-6
190,0
191,-2
192,-1
193,2
194,-4
195,0
196,-1
197,-2
198,2
199,-3
200,-3
201,-1
202,-2
203,3
204,-2
205,1
206,-3
207,-1
208,3
209,-1
210,1
211,-5
212,-1
213,0
214,-1
215,1
216,5
217,0
218,2
219,0
220,4
221,-9
222,-1
223,1
224,-1
225,-2
226,0
227,0
228,0
229,2
230,1
231,-1
232,3
233,2
234,2
235,1
236,1
237,4
238,-3
239,2
240,0
241,2
242,1
243,-1
244,3
245,-3
246,0
247,-1
248,-2
249,-3
250,3
251,1
252,0
253,-2
254,-4
255,-1
256,1
257,1
258,-1
259,-2
260,4
261,4
262,-1
263,-5
264,-1
265,-4
266,4
267,1
268,-2
269,-1
270,1
271,0
272,2
273,0
274,3
275,-1
276,-2
277,-4
278,0
279,-4
280,1
281,5
282,-1
283,1
284,-1
285,-1
286,-1
287,-1
288,-1
289,1
290,-1
291,-1
292,2
293,0
294,-3
295,0
296,-3
297,1
298,-1
299,-2
300,1
301,0
302,1
303,1
304,-1
305,3
306,2
307,0
308,4
309,-1
310,1
311,2
312,-1
313,0
314,0
315,0
316,-3
317,0
318,-1
319,1
320,1
321,2
322,0
323,2
324,0
325,1
326,0
327,-3
328,4
329,0
330,1
331,3
332,0
333,0
334,1
335,1
336,1
337,0
338,1
339,1
340,0
341,1
342,0
343,0
344,3
345,2
346,1
347,0
348,3
349,0
350,1
351,-2
352,0
353,3
354,1
355,0
356,3
357,0
358,5
359,1
360,2
361,0
362,1
363,1
364,-1
365,2
366,0
367,0
368,2
369,0
370,2
371,1
372,0
373,-1
374,3
375,-3
376,1
377,0
378,1
379,0
380,1
381,1
382,3
383,-1
384,-4
385,0
386,0
387,1
388,5
389,0
390,4
391,-2
392,-6
393,1
394,1
395,0
396,-1
397,2
398,0
399,0
400,-2
401,3
402,-2
403,2
404,0
405,0
406,0
407,-1
408,-1
409,0
410,-1
411,1
412,2
413,2
414,-2
415,5
416,1
417,1
418,0
419,0
420,0
421,-1
422,2
423,1
424,3
425,0
426,1
427,5
428,2
429,0
430,-2
431,3
432,-1
433,2
434,0
435,0
436,-1
437,2
438,1
439,1
440,5
441,0
442,0
443,-1
444,3
445,1
446,4
447,3
448,-1
449,1
450,2
451,1
452,2
453,-1
454,-6
455,-2
456,1
457,1
458,0
459,3
460,0
461,-1
462,4
463,4
464,5
465,0
466,2
467,2
468,-2
469,4
470,1
471,3
472,-1
473,1
474,1
475,1
476,1
477,-1
478,1
479,-1
480,0
481,-1
482,1
483,1
484,1
485,-2
486,3
487,2
488,3
489,0
490,-3
491,1
492,5
493,3
494,2
495,1
496,3
497,1
498,-1
499,3
500,5
501,3
502,4
503,3
504,5
505,-3
506,1
507,3
508,5
509,5
510,0
511,1
512,2
513,2
514,1
515,2
516,1
517,1
518,2
519,-1
520,1
521,0
522,1
523,1
524,1
525,1
526,4
527,-1
528,4
529,2
530,1
531,3
532,1
533,-2
534,0
535,0
536,0
537,6
538,0
539,1
540,2
541,3
542,1
543,-2
544,2
545,-1
546,2
547,0
548,1
549,2
550,2
551,2
552,5
553,0
554,4
555,0
556,-2
557,1
558,2
559,-2
560,1
561,0
562,1
563,1
564,0
565,3
566,0
567,2
568,1
569,1
570,5
571,0
572,0
573,1
574,1
575,2
576,0
577,4
578,1
579,-2
580,0
581,0
582,2
583,-1
584,3
585,0
586,2
587,4
588,3
589,0
590,0
591,3
592,4
593,3
594,-1
595,5
596,0
597,1
598,2
599,5
600,4
601,2
602,0
603,1
604,2
605,0
606,2
607,2
608,2
609,3
610,4
611,0
612,1
613,0
614,1
615,3
616,3
617,3
618,5
619,4
620,0
621,2
622,3
623,3
624,-1
625,5
626,2
627,0
628,1
629,0
630,3
631,1
632,2
633,2
634,0
635,5
636,2
637,0
638,1
639,1
640,4
641,4
642,1
643,3
644,5
645,1
646,0
647,5
648,2
649,4
650,1
651,2
652,1
653,3
654,2
655,2
656,1
657,1
658,2
659,1
660,0
661,3
662,3
663,1
664,0
665,2
666,-3
667,2
668,2
669,3
670,3
671,1
672,1
673,1
674,5
675,2
676,4
677,0
678,3
679,0
680,2
681,2
682,-5
683,0
684,2
685,0
686,4
687,3
688,3
689,-2
690,1
691,2
692,1
693,0
694,4
695,5
696,3
697,5
698,-2
699,1
700,4
701,0
702,5
703,4
704,3
705,1
706,2
707,5
708,-1
709,2
710,0
711,0
712,1
713,0
714,5
715,1
716,0
717,2
718,1
719,4
720,1
721,3
722,5
723,3
724,0
725,-2
726,2
727,5
728,0
729,1
730,1
731,1
732,4
733,1
734,4
735,3
736,1
737,1
738,0
739,5
740,4
741,3
742,4
743,0
744,3
745,0
746,0
747,5
748,4
749,1
750,1
751,4
752,2
753,1
754,4
755,1
756,4
757,2
758,1
759,4
760,1
761,4
762,2
763,2
764,2
765,0
766,0
767,2
768,1
769,5
770,2
771,4
772,2
773,1
774,-1
775,1
776,2
777,4
778,2
779,2
780,3
781,4
782,-1
783,3
784,4
785,1
786,2
787,2
788,0
789,3
790,1
791,4
792,2
793,3
794,-1
795,1
796,3
797,1
798,1
799,1
800,3
801,4
802,2
803,4
804,3
805,5
806,1
807,1
808,5
809,1
810,3
811,4
812,1
813,1
814,3
815,3
816,5
817,0
818,5
819,3
820,1
821,3
822,1
823,2
824,4
825,4
826,3
827,3
828,4
829,2
830,2
831,3
832,0
833,3
834,1
835,1
836,2
837,3
838,5
839,5
840,2
841,0
842,0
843,3
844,3
845,4
846,4
847,1
848,0
849,0
850,1
851,2
852,4
853,1
854,-1
855,1
856,3
857,1
858,1
859,1
860,2
861,1
862,1
863,4
864,1
865,5
866,3
867,2
868,2
869,3
870,3
871,4
872,1
873,0
874,3
875,5
876,3
877,2
878,4
879,1
880,4
881,1
882,3
883,5
884,4
885,0
886,3
887,5
888,2
889,2
890,0
891,4
892,3
893,3
894,1
895,0
896,3
897,4
898,1
899,2
900,5
901,4
902,2
903,5
904,5
905,2
906,3
907,2
908,4
909,2
910,2
911,0
912,4
913,4
914,4
915,1
916,4
917,2
918,5
919,1
920,1
921,4
922,4
923,5
924,3
925,4
926,4
927,2
928,3
929,3
930,4
931,2
932,4
933,1
934,3
935,1
936,3
937,1
938,4
939,2
940,3
941,2
942,3
943,2
944,2
945,3
946,4
947,4
948,1
949,3
950,3
951,4
952,5
953,3
954,2
955,4
956,1
957,4
958,3
959,1
960,2
961,3
962,1
963,1
964,3
965,2
966,5
967,4
968,1
969,4
970,5
971,3
972,3
973,2
974,4
975,5
976,5
977,4
978,3
979,4
980,5
981,5
982,4
983,2
984,0
985,2
986,4
987,5
988,3
989,5
990,2
991,3
992,1
993,3
994,1
995,3
996,4
997,5
998,5
999,1
1000,5
1001,4
1002,3
1003,1
1004,5
1005,4
1006,3
1007,3
1008,4
1009,4
1010,4
1011,3
1012,3
1013,5
1014,3
1015,3
1016,2
1017,3
1018,4
1019,5
1020,4
1021,1
1022,4
1023,2
1024,4
1025,3
1026,4
1027,5
1028,5
1029,5
1030,3
1031,3
1032,4
1033,1
1034,1
1035,5
1036,5
1037,1
1038,5
1039,2
1040,1
1041,1
1042,1
1043,3
1044,1
1045,5
1046,2
1047,4
1048,2
1049,5
1050,4
1051,2
1052,3
1053,5
1054,3
1055,2
1056,3
1057,3
1058,5
1059,1
1060,2
1061,2
1062,2
1063,1
1064,5
1065,3
1066,3
1067,3
1068,5
1069,4
1070,2
1071,2
1072,5
1073,4
1074,1
1075,2
1076,4
1077,3
1078,2
1079,3
1080,3
1081,4
1082,1
1083,2
1084,3
1085,5
1086,1
1087,4
1088,3
1089,3
1090,5
1091,3
1092,1
1093,2
1094,3
1095,2
1096,1
1097,1
1098,2
1099,1
1100,4
1101,4
1102,4
1103,1
1104,2
1105,1
1106,2
1107,3
1108,5
1109,5
1110,1
1111,4
1112,2
1113,2
1114,1
1115,2
1116,2
1117,3
1118,4
1119,3
1120,3
1121,4
1122,1
1123,1
1124,2
1125,4
1126,4
1127,4
1128,2
1129,4
1130,5
1131,2
1132,3
1133,5
1134,1
1135,5
1136,2
1137,1
1138,3
1139,4
1140,1
1141,5
1142,1
1143,1
1144,3
1145,1
1146,3
1147,4
1148,5
1149,3
1150,2
1151,3
1152,2
1153,2
1154,1
1155,3
1156,4
1157,5
1158,3
1159,5
1160,4
1161,3
1162,5
1163,4
1164,3
1165,5
1166,2
1167,3
1168,1
1169,2
1170,2
1171,5
1172,3
1173,4
1174,3
1175,4
1176,1
1177,3
1178,3
1179,1
1180,4
1181,1
1182,1
1183,3
1184,5
1185,1
1186,2
1187,5
1188,4
1189,3
1190,4
1191,1
1192,3
1193,4
1194,1
1195,1
1196,3
1197,2
1198,4
1199,2
1200,5
1201,5
1202,2
1203,2
1204,4
1205,5
1206,2
1207,5
1208,2
1209,1
1210,3
1211,3
1212,4
1213,4
1214,5
1215,5
1216,5
1217,1
1218,3
1219,5
1220,4
1221,1
1222,4
1223,5
1224,2
1225,3
1226,1
1227,3
1228,3
1229,3
1230,5
1231,3
1232,5
1233,5
1234,1
1235,5
1236,3
1237,4
1238,5
1239,5
1240,1
1241,5
1242,4
1243,1
1244,4
1245,4
1246,3
1247,2
1248,4
1249,4
1250,4
1251,4
1252,4
1253,1
1254,3
1255,4
1256,4
1257,4
1258,5
1259,4
1260,1
1261,3
1262,4
1263,1
1264,4
1265,1
1266,2
1267,3
1268,4
1269,2
1270,2
1271,2
1272,4
1273,3
1274,2
1275,5
1276,4
1277,3
1278,1
1279,1
1280,5
1281,1
1282,2
1283,2
1284,3
1285,1
1286,1
1287,4
1288,1
1289,5
1290,3
1291,1
1292,1
1293,1
1294,1
1295,2
1296,1
1297,1
1298,2
1299,5
1300,2
1301,2
1302,3
1303,2
1304,1
1305,4
1306,3
1307,5
1308,3
1309,1
1310,2
1311,4
1312,3
1313,4
1314,2
1315,3
1316,5
1317,4
1318,4
1319,5
1320,1
1321,5
1322,5
1323,3
1324,2
1325,3
1326,1
1327,4
1328,4
1329,3
1330,1
1331,4
1332,2
1333,4
1334,2
1335,2
1336,2
1337,5
1338,4
1339,2
1340,4
1341,1
1342,2
1343,5
1344,1
1345,1
1346,3
1347,2
1348,1
1349,1
1350,3
1351,5
1352,5
1353,1
1354,1
1355,4
1356,2
1357,5
1358,3
1359,3
1360,3
1361,2
1362,5
1363,5
1364,1
1365,5
1366,3
1367,1
1368,2
1369,4
1370,3
1371,5
1372,2
1373,5
1374,5
1375,3
1376,1
1377,3
1378,4
1379,5
1380,3
1381,2
1382,5
1383,4
1384,1
1385,2
1386,2
1387,4
1388,1
1389,2
1390,3
1391,1
1392,2
1393,1
1394,5
1395,4
1396,2
1397,2
1398,4
1399,2
1400,1
1401,1
1402,1
1403,3
1404,5
1405,2
1406,3
1407,5
1408,1
1409,3
1410,5
1411,3
1412,2
1413,2
1414,4
1415,1
1416,3
1417,2
1418,2
1419,4
1420,1
1421,2
1422,4
1423,4
1424,2
1425,4
1426,2
1427,2
1428,4
1429,2
1430,2
1431,5
1432,2
1433,1
1434,3
1435,3
1436,2
1437,4
1438,5
1439,1
1440,4
1441,4
1442,2
1443,1
1444,2
1445,4
1446,4
1447,5
1448,3
1449,2
1450,5
1451,5
1452,4
1453,4
1454,3
1455,5
1456,4
1457,2
1458,2
1459,4
1460,4
1461,4
1462,3
1463,4
1464,1
1465,5
1466,4
1467,2
1468,2
1469,5
1470,2
1471,4
1472,5
1473,2
1474,3
1475,2
1476,4
1477,2
1478,2
1479,3
1480,3
1481,5
1482,4
1483,5
1484,2
1485,4
1486,5
1487,5
1488,4
1489,3
1490,3
1491,3
1492,5
1493,5
1494,4
1495,3
1496,5
1497,3
1498,2
1499,1
1500,3
1501,3
1502,4
1503,2
1504,3
1505,4
1506,1
1507,2
1508,3
1509,2
1510,4
1511,5
1512,4
1513,4
1514,2
1515,2
1516,1
1517,4
1518,2
1519,5
1520,5
1521,4
1522,4
1523,2
1524,3
1525,3
1526,5
1527,2
1528,1
1529,2
1530,3
1531,2
1532,2
1533,3
1534,3
1535,5
1536,5
1537,3
1538,5
1539,1
1540,1
1541,5
1542,3
1543,2
1544,5
1545,3
1546,5
1547,4
1548,1
1549,2
1550,5
1551,3
1552,4
1553,2
1554,4
1555,2
1556,5
1557,5
1558,3
1559,5
1560,5
1561,3
1562,4
1563,3
1564,3
1565,5
1566,4
1567,3
1568,2
1569,3
1570,3
1571,5
1572,1
1573,2
1574,5
1575,1
1576,2
1577,5
1578,3
1579,2
1580,5
1581,3
1582,2
1583,4
1584,4
1585,5
1586,4
1587,1
1588,4
1589,4
1590,2
1591,2
1592,2
1593,4
1594,4
1595,3
1596,2
1597,2
1598,1
1599,5
1600,3
1601,4
1602,4
1603,1
1604,5
1605,1
1606,1
1607,5
1608,1
1609,4
1610,5
1611,4
1612,3
1613,1
1614,3
1615,4
1616,1
1617,1
1618,5
1619,3
1620,5
1621,2
1622,5
1623,5
1624,2
1625,3
1626,1
1627,1
1628,2
1629,4
1630,3
1631,2
1632,1
1633,3
1634,3
1635,4
1636,3
1637,4
1638,5
1639,3
1640,1
1641,2
1642,3
1643,4
1644,1
1645,1
1646,1
1647,5
1648,4
1649,2
1650,2
1651,1
1652,3
1653,4
1654,5
1655,1
1656,3
1657,1
1658,2
1659,5
1660,1
1661,1
1662,2
1663,4
1664,5
1665,2
1666,1
1667,3
1668,5
1669,3
1670,3
1671,4
1672,2
1673,2
1674,5
1675,1
1676,1
1677,3
1678,5
1679,4
1680,5
1681,2
1682,4
1683,4
1684,2
1685,4
1686,1
1687,3
1688,2
1689,1
1690,5
1691,2
1692,2
1693,5
1694,3
1695,5
1696,4
1697,3
1698,1
1699,3
1700,4
1701,4
1702,1
1703,3
1704,5
1705,4
1706,1
1707,5
1708,4
1709,1
1710,4
1711,4
1712,5
1713,2
1714,1
1715,5
1716,3
1717,5
1718,3
1719,2
1720,1
1721,3
1722,1
1723,2
1724,4
1725,4
1726,5
1727,3
1728,5
1729,1
1730,1
1731,3
1732,5
1733,2
1734,4
1735,5
1736,3
1737,3
1738,2
1739,3
1740,3
1741,5
1742,5
1743,4
1744,3
1745,5
1746,3
1747,3
1748,5
1749,5
1750,4
1751,4
1752,4
1753,3
1754,4
1755,3
1756,1
1757,1
1758,1
1759,1
1760,1
1761,3
1762,5
1763,5
1764,5
1765,1
1766,4
1767,1
1768,4
1769,5
1770,5
1771,5
1772,1
1773,4
1774,4
1775,5
1776,5
1777,1
1778,5
1779,1
1780,4
1781,2
1782,2
1783,2
1784,5
1785,5
1786,5
1787,2
1788,1
1789,2
1790,4
1791,3
1792,4
1793,5
1794,2
1795,1
1796,4
1797,1
1798,4
1799,1
1800,4
1801,4
1802,2
1803,3
1804,4
1805,1
1806,1
1807,1
1808,2
1809,4
1810,2
1811,1
1812,1
1813,3
1814,1
1815,3
1816,4
1817,4
1818,4
1819,4
1820,4
1821,4
1822,1
1823,5
1824,3
1825,3
1826,4
1827,4
1828,1
1829,3
1830,1
1831,4
1832,4
1833,1
1834,1
1835,3
1836,5
1837,4
1838,4
1839,1
1840,2
1841,5
1842,2
1843,4
1844,1
1845,2
1846,4
1847,2
1848,1
1849,4
1850,2
1851,1
1852,2
1853,1
1854,4
1855,5
1856,1
1857,5
1858,2
1859,5
1860,5
1861,2
1862,4
1863,4
1864,2
1865,2
1866,3
1867,1
1868,4
1869,4
1870,4
1871,3
1872,5
1873,3
1874,4
1875,4
1876,3
1877,4
1878,1
1879,2
1880,1
1881,5
1882,2
1883,5
1884,5
1885,5
1886,1
1887,5
1888,1
1889,3
1890,4
1891,4
1892,1
1893,1
1894,1
1895,1
1896,1
1897,4
1898,1
1899,3
1900,4
1901,4
1902,2
1903,2
1904,3
1905,3
1906,5
1907,3
1908,4
1909,4
1910,1
1911,5
1912,3
1913,5
1914,3
1915,2
1916,1
1917,1
1918,1
1919,2
1920,5
1921,5
1922,1
1923,3
1924,1
1925,3
1926,2
1927,2
1928,3
1929,3
1930,3
1931,1
1932,5
1933,1
1934,2
1935,1
1936,2
1937,4
1938,5
1939,1
1940,1
1941,2
1942,3
1943,3
1944,5
1945,5
1946,1
1947,5
1948,3
1949,2
1950,2
1951,1
1952,5
1953,1
1954,1
1955,1
1956,1
1957,2
1958,5
1959,4
1960,4
1961,1
1962,4
1963,5
1964,5
1965,2
1966,4
1967,4
1968,2
1969,2
1970,5
1971,3
1972,1
1973,3
1974,1
1975,1
1976,1
1977,2
1978,1
1979,2
1980,4
1981,5
1982,3
1983,4
1984,3
1985,3
1986,3
1987,5
1988,5
1989,2
1990,4
1991,3
1992,3
1993,1
1994,3
1995,3
1996,2
1997,5
1998,2
1999,5
2000,2
2001,4
2002,4
2003,3
2004,2
2005,3
2006,1
2007,2
2008,2
2009,4
2010,2
2011,4
2012,4
2013,1
2014,4
2015,4
2016,1
2017,3
2018,3
2019,4
2020,1
2021,3
2022,3
2023,4
2024,4
2025,2
2026,1
2027,2
2028,4
2029,4
2030,1
2031,4
2032,2
2033,3
2034,2
2035,5
2036,3
2037,1
2038,3
2039,5
2040,1
2041,4
2042,3
2043,4
2044,1
2045,4
2046,3
2047,1
2048,5
2049,3
2050,3
2051,4
2052,1
2053,2
2054,1
2055,1
2056,5
2057,3
2058,1
2059,5
2060,3
2061,2
2062,5
2063,2
2064,5
2065,1
2066,1
2067,3
2068,3
2069,5
2070,5
2071,2
2072,1
2073,3
2074,4
2075,1
2076,5
2077,5
2078,5
2079,4
2080,1
2081,4
2082,4
2083,2
2084,2
2085,1
2086,3
2087,2
2088,3
2089,5
2090,1
2091,1
2092,3
2093,3
2094,5
2095,3
2096,3
2097,4
2098,4
2099,5
2100,1
2101,2
2102,2
2103,1
2104,1
2105,1
2106,2
2107,1
2108,3
2109,5
2110,2
2111,2
2112,2
2113,2
2114,2
2115,4
2116,4
2117,2
2118,5
2119,4
2120,1
2121,3
2122,2
2123,2
2124,2
2125,3
2126,2
2127,5
2128,4
2129,2
2130,2
2131,1
2132,1
2133,3
2134,1
2135,5
2136,5
2137,4
2138,4
2139,5
2140,5
2141,1
2142,5
2143,3
2144,3
2145,1
2146,5
2147,2
2148,1
2149,4
2150,4
2151,4
2152,4
2153,2
2154,2
2155,4
2156,4
2157,4
2158,3
2159,5
2160,5
2161,4
2162,1
2163,2
2164,2
2165,4
2166,5
2167,5
2168,4
2169,1
2170,3
2171,1
2172,4
2173,1
2174,3
2175,1
2176,1
2177,3
2178,4
2179,5
2180,3
2181,4
2182,4
2183,1
2184,3
2185,4
2186,1
2187,1
2188,1
2189,5
2190,1
2191,4
2192,3
2193,4
2194,4
2195,3
2196,4
2197,2
2198,4
2199,5
2200,4
2201,1
2202,5
2203,3
2204,2
2205,3
2206,4
2207,3
2208,5
2209,4
2210,2
2211,4
2212,2
2213,5
2214,1
2215,2
2216,1
2217,3
2218,3
2219,1
2220,2
2221,4
2222,3
2223,3
2224,4
2225,5
2226,1
2227,3
2228,4
2229,1
2230,2
2231,1
2232,5
2233,2
2234,2
2235,5
2236,3
2237,1
2238,5
2239,5
2240,1
2241,3
2242,3
2243,3
2244,5
2245,5
2246,1
2247,3
2248,5
2249,5
2250,5
2251,2
2252,4
2253,5
2254,5
2255,3
2256,5
2257,1
2258,3
2259,2
2260,3
2261,1
2262,5
2263,2
2264,5
2265,3
2266,2
2267,2
2268,2
2269,5
2270,2
2271,3
2272,4
2273,2
2274,4
2275,1
2276,2
2277,4
2278,5
2279,2
2280,2
2281,1
2282,4
2283,4
2284,5
2285,4
2286,2
2287,5
2288,1
2289,5
2290,2
2291,3
2292,2
2293,4
2294,1
2295,1
2296,2
2297,5
2298,5
2299,1
2300,2
2301,3
2302,2
2303,3
2304,2
2305,3
2306,2
2307,4
2308,1
2309,1
2310,4
2311,5
2312,2
2313,3
2314,3
2315,2
2316,2
2317,4
2318,4
2319,2
2320,5
2321,4
2322,3
2323,3
2324,2
2325,1
2326,4
2327,3
2328,5
2329,1
2330,5
2331,2
2332,4
2333,3
2334,5
2335,3
2336,5
2337,3
2338,2
2339,2
2340,3
2341,3
2342,4
2343,5
2344,1
2345,4
2346,4
2347,5
2348,1
2349,4
2350,4
2351,2
2352,4
2353,5
2354,3
2355,3
2356,3
2357,2
2358,1
2359,4
2360,3
2361,3
2362,5
2363,5
2364,5
2365,3
2366,3
2367,2
2368,4
2369,1
2370,1
2371,5
2372,2
2373,2
2374,5
2375,5
2376,4
2377,3
2378,4
2379,1
2380,2
2381,2
2382,2
2383,2
2384,3
2385,3
2386,4
2387,4
2388,1
2389,5
2390,2
2391,1
2392,2
2393,3
2394,1
2395,1
2396,1
2397,1
2398,2
2399,5
2400,5
2401,5
2402,3
2403,4
2404,5
2405,2
2406,4
2407,2
2408,5
2409,3
2410,2
2411,5
2412,1
2413,5
2414,5
2415,1
2416,2
2417,1
2418,4
2419,1
2420,3
2421,4
2422,1
2423,3
2424,2
2425,3
2426,2
2427,1
2428,3
2429,3
2430,4
2431,5
2432,3
2433,3
2434,4
2435,3
2436,2
2437,1
2438,1
2439,2
2440,4
2441,2
2442,3
2443,5
2444,2
2445,4
2446,2
2447,4
2448,4
2449,5
2450,1
2451,4
2452,4
2453,2
2454,4
2455,1
2456,3
2457,3
2458,5
2459,2
2460,1
2461,4
2462,2
2463,5
2464,5
2465,3
2466,2
2467,5
2468,5
2469,5
2470,3
2471,5
2472,2
2473,4
2474,4
2475,5
2476,5
2477,4
2478,5
2479,2
2480,1
2481,3
2482,5
2483,1
2484,4
2485,2
2486,5
2487,2
2488,3
2489,5
2490,5
2491,3
2492,5
2493,1
2494,1
2495,2
2496,3
2497,1
2498,5
2499,4
2500,3
2501,1
2502,1
2503,5
2504,3
2505,4
2506,5
2507,5
2508,3
2509,2
2510,2
2511,5
2512,2
2513,1
2514,3
2515,4
2516,2
2517,3
2518,2
2519,1
2520,5
2521,5
2522,2
2523,2
2524,3
2525,3
2526,3
2527,5
2528,4
2529,2
2530,2
2531,1
2532,5
2533,3
2534,2
2535,3
2536,4
2537,4
2538,1
2539,2
2540,5
2541,5
2542,2
2543,3
2544,4
2545,5
2546,4
2547,4
2548,4
2549,4
2550,1
2551,5
2552,1
2553,5
2554,4
2555,1
2556,3
2557,2
2558,3
2559,2
2560,2
2561,3
2562,1
2563,2
2564,3
2565,1
2566,3
2567,1
2568,2
2569,2
2570,2
2571,4
2572,5
2573,5
2574,4
2575,4
2576,1
2577,4
2578,3
2579,2
2580,3
2581,2
2582,5
2583,5
2584,5
2585,2
2586,2
2587,5
2588,2
2589,2
2590,4
2591,1
2592,2
2593,4
2594,3
2595,4
2596,1
2597,4
2598,1
2599,5
2600,2
2601,1
2602,3
2603,4
2604,3
2605,3
2606,3
2607,4
2608,5
2609,5
2610,2
2611,3
2612,2
2613,2
2614,4
2615,2
2616,1
2617,3
2618,3
2619,1
2620,2
2621,3
2622,5
2623,1
2624,4
2625,4
2626,2
2627,2
2628,2
2629,4
2630,3
2631,4
2632,3
2633,3
2634,5
2635,3
2636,1
2637,5
2638,3
2639,3
2640,4
2641,3
2642,4
2643,2
2644,4
2645,3
2646,2
2647,2
2648,2
2649,5
2650,5
2651,2
2652,3
2653,1
2654,4
2655,1
2656,3
2657,3
2658,1
2659,3
2660,4
2661,4
2662,1
2663,2
2664,5
2665,1
2666,5
2667,5
2668,1
2669,2
2670,4
2671,1
2672,4
2673,1
2674,4
2675,4
2676,1
2677,1
2678,2
2679,2
2680,2
2681,1
2682,5
2683,3
2684,1
2685,5
2686,5
2687,5
2688,3
2689,2
2690,5
2691,1
2692,2
2693,5
2694,2
2695,3
2696,2
2697,1
2698,5
2699,5
2700,2
2701,4
2702,5
2703,1
2704,5
2705,5
2706,3
2707,4
2708,4
2709,3
2710,5
2711,3
2712,5
2713,1
2714,4
2715,2
2716,2
2717,3
2718,3
2719,5
2720,2
2721,3
2722,5
2723,2
2724,4
2725,3
2726,5
2727,1
2728,5
2729,2
2730,5
2731,3
2732,5
2733,1
2734,4
2735,4
2736,2
2737,5
2738,3
2739,1
2740,1
2741,3
2742,4
2743,5
2744,2
2745,2
2746,2
2747,1
2748,3
2749,5
2750,3
2751,3
2752,2
2753,3
2754,5
2755,3
2756,2
2757,2
2758,1
2759,2
2760,4
2761,2
2762,4
2763,2
2764,4
2765,4
2766,3
2767,5
2768,4
2769,4
2770,5
2771,5
2772,5
2773,5
2774,2
2775,3
2776,4
2777,1
2778,5
2779,1
2780,3
2781,3
2782,4
2783,5
2784,1
2785,5
2786,2
2787,2
2788,3
2789,4
2790,5
2791,3
2792,3
2793,3
2794,4
2795,4
2796,4
2797,3
2798,1
2799,2
2800,3
2801,5
2802,5
2803,5
2804,5
2805,2
2806,3
2807,2
2808,3
2809,5
2810,4
2811,1
2812,3
2813,1
2814,5
2815,2
2816,5
2817,1
2818,2
2819,2
2820,1
2821,5
2822,3
2823,3
2824,5
2825,4
2826,2
2827,2
2828,2
2829,1
2830,1
2831,4
2832,2
2833,5
2834,3
2835,1
2836,5
2837,2
2838,3
2839,5
2840,3
2841,4
2842,1
2843,4
2844,4
2845,1
2846,1
2847,3
2848,3
2849,1
2850,3
2851,5
2852,3
2853,5
2854,5
2855,4
2856,1
2857,1
2858,4
2859,5
2860,1
2861,1
2862,5
2863,4
2864,5
2865,5
2866,2
2867,3
2868,5
2869,4
2870,5
2871,5
2872,5
2873,3
2874,5
2875,2
2876,5
2877,2
2878,4
2879,2
2880,5
2881,3
2882,1
2883,5
2884,1
2885,4
2886,3
2887,5
2888,5
2889,5
2890,3
2891,5
2892,4
2893,1
2894,2
2895,5
2896,3
2897,5
2898,4
2899,4
2900,2
2901,5
2902,3
2903,1
2904,5
2905,1
2906,5
2907,3
2908,2
2909,2
2910,2
2911,3
2912,4
2913,2
2914,5
2915,1
2916,2
2917,1
2918,1
2919,2
2920,5
2921,4
2922,1
2923,5
2924,2
2925,5
2926,1
2927,5
2928,5
2929,5
2930,3
2931,5
2932,2
2933,1
2934,5
2935,3
2936,5
2937,5
2938,2
2939,4
2940,3
2941,2
2942,2
2943,3
2944,1
2945,5
2946,5
2947,2
2948,1
2949,5
2950,1
2951,5
2952,2
2953,1
2954,2
2955,5
2956,4
2957,4
2958,2
2959,1
2960,4
2961,3
2962,2
2963,4
2964,3
2965,5
2966,1
2967,2
2968,3
2969,5
2970,5
2971,4
2972,4
2973,4
2974,5
2975,4
2976,3
2977,2
2978,4
2979,3
2980,2
2981,4
2982,5
2983,4
2984,4
2985,1
2986,5
2987,1
2988,2
2989,2
2990,4
2991,2
2992,2
2993,4
2994,4
2995,3
2996,2
2997,3
2998,5
2999,3
3000,4
3001,3
3002,1
3003,1
3004,3
3005,3
3006,2
3007,4
3008,3
3009,4
3010,1
3011,2
3012,2
3013,3
3014,3
3015,5
3016,1
3017,4
3018,2
3019,1
3020,3
3021,5
3022,1
3023,2
3024,3
3025,5
3026,4
3027,4
3028,4
3029,4
3030,3
3031,3
3032,3
3033,4
3034,1
3035,1
3036,5
3037,3
3038,1
3039,1
3040,5
3041,2
3042,4
3043,1
3044,2
3045,2
3046,2
3047,3
3048,5
3049,3
3050,1
3051,3
3052,2
3053,5
3054,2
3055,1
3056,5
3057,3
3058,5
3059,4
3060,2
3061,2
3062,5
3063,2
3064,4
3065,3
3066,1
3067,1
3068,3
3069,2
3070,5
3071,4
3072,2
3073,3
3074,2
3075,3
3076,2
3077,1
3078,1
3079,4
3080,3
3081,3
3082,1
3083,5
3084,5
3085,2
3086,5
3087,4
3088,4
3089,4
3090,3
3091,2
3092,2
3093,1
3094,3
3095,3
3096,5
3097,1
3098,2
3099,4
3100,4
3101,1
3102,4
3103,3
3104,2
3105,4
3106,5
3107,2
3108,5
3109,2
3110,3
3111,3
3112,4
3113,2
3114,5
3115,3
3116,5
3117,1
3118,5
3119,1
3120,3
3121,5
3122,4
3123,2
3124,4
3125,2
3126,5
3127,3
3128,2
3129,3
3130,2
3131,4
3132,2
3133,1
3134,2
3135,2
3136,2
3137,2
3138,3
3139,3
3140,4
3141,4
3142,4
3143,2
3144,5
3145,3
3146,1
3147,1
3148,4
3149,4
3150,4
3151,1
3152,1
3153,5
3154,3
3155,4
3156,4
3157,5
3158,4
3159,4
3160,3
3161,5
3162,4
3163,4
3164,2
3165,5
3166,4
3167,1
3168,2
3169,2
3170,1
3171,5
3172,5
3173,2
3174,3
3175,4
3176,3
3177,4
3178,4
3179,3
3180,2
3181,4
3182,1
3183,3
3184,2
3185,4
3186,5
3187,1
3188,5
3189,1
3190,1
3191,3
3192,4
3193,2
3194,3
3195,1
3196,5
3197,2
3198,4
3199,2
3200,3
3201,2
3202,5
3203,3
3204,4
3205,1
3206,1
3207,3
3208,3
3209,1
3210,5
3211,4
3212,1
3213,4
3214,4
3215,5
3216,4
3217,5
3218,5
3219,1
3220,3
3221,3
3222,3
3223,4
3224,5
3225,4
3226,2
3227,2
3228,3
3229,2
3230,2
3231,4
3232,4
3233,2
3234,4
3235,5
3236,3
3237,5
3238,5
3239,2
3240,2
3241,3
3242,1
3243,3
3244,5
3245,5
3246,3
3247,4
3248,5
3249,4
3250,5
3251,5
3252,2
3253,4
3254,5
3255,2
3256,4
3257,2
3258,2
3259,2
3260,2
3261,3
3262,3
3263,3
3264,1
3265,4
3266,3
3267,2
3268,3
3269,3
3270,2
3271,1
3272,5
3273,3
3274,1
3275,2
3276,4
3277,1
3278,1
3279,3
3280,1
3281,5
3282,3
3283,3
3284,3
3285,2
3286,5
3287,3
3288,4
3289,1
3290,5
3291,5
3292,4
3293,1
3294,2
3295,1
3296,3
3297,3
3298,5
3299,5
3300,5
3301,3
3302,4
3303,5
3304,5
3305,3
3306,2
3307,2
3308,3
3309,1
3310,5
3311,3
3312,2
3313,1
3314,2
3315,4
3316,2
3317,1
3318,3
3319,4
3320,3
3321,4
3322,1
3323,2
3324,3
3325,2
3326,1
3327,1
3328,1
3329,3
3330,5
3331,3
3332,1
3333,5
3334,5
3335,4
3336,4
3337,5
3338,4
3339,1
3340,5
3341,3
3342,1
3343,3
3344,1
3345,4
3346,5
3347,3
3348,2
3349,4
3350,3
3351,4
3352,4
3353,4
3354,3
3355,5
3356,5
3357,2
3358,1
3359,1
3360,4
3361,2
3362,5
3363,2
3364,1
3365,4
3366,3
3367,5
3368,3
3369,1
3370,3
3371,2
3372,5
3373,1
3374,3
3375,3
3376,4
3377,5
3378,3
3379,4
3380,5
3381,2
3382,2
3383,4
3384,2
3385,2
3386,1
3387,5
3388,5
3389,5
3390,2
3391,2
3392,5
3393,2
3394,2
3395,4
3396,3
3397,4
3398,3
3399,5
3400,1
3401,5
3402,4
3403,5
3404,4
3405,5
3406,5
3407,3
3408,1
3409,5
3410,3
3411,3
3412,2
3413,1
3414,2
3415,5
3416,5
3417,3
3418,4
3419,5
3420,1
3421,1
3422,4
3423,1
3424,3
3425,2
3426,2
3427,2
3428,1
3429,1
3430,2
3431,4
3432,2
3433,3
3434,3
3435,3
3436,1
3437,2
3438,1
3439,1
3440,5
3441,4
3442,2
3443,1
3444,2
3445,1
3446,3
3447,4
3448,2
3449,2
3450,3
3451,5
3452,5
3453,2
3454,2
3455,5
3456,1
3457,3
3458,1
3459,2
3460,5
3461,5
3462,3
3463,4
3464,3
3465,1
3466,5
3467,5
3468,1
3469,4
3470,1
3471,2
3472,3
3473,1
3474,5
3475,5
3476,3
3477,5
3478,5
3479,5
3480,2
3481,4
3482,1
3483,4
3484,2
3485,2
3486,4
3487,5
3488,2
3489,5
3490,3
3491,4
3492,1
3493,5
3494,3
3495,2
3496,3
3497,5
3498,2
3499,5
3500,5
3501,2
3502,5
3503,2
3504,3
3505,3
3506,4
3507,5
3508,5
3509,5
3510,1
3511,4
3512,2
3513,2
3514,5
3515,3
3516,5
3517,4
3518,2
3519,3
3520,1
3521,4
3522,1
3523,5
3524,1
3525,1
3526,3
3527,5
3528,2
3529,5
3530,5
3531,5
3532,2
3533,3
3534,4
3535,2
3536,1
3537,1
3538,3
3539,2
3540,2
3541,4
3542,5
3543,2
3544,5
3545,4
3546,5
3547,3
3548,4
3549,2
3550,3
3551,5
3552,5
3553,4
3554,2
3555,2
3556,1
3557,3
3558,1
3559,5
3560,5
3561,2
3562,5
3563,4
3564,1
3565,5
3566,4
3567,2
3568,2
3569,5
3570,4
3571,4
3572,4
3573,4
3574,1
3575,2
3576,4
3577,2
3578,1
3579,4
3580,2
3581,5
3582,4
3583,4
3584,5
3585,2
3586,2
3587,3
3588,4
3589,4
3590,5
3591,1
3592,1
3593,3
3594,1
3595,3
3596,3
3597,3
3598,4
3599,4
3600,4
3601,3
3602,2
3603,5
3604,4
3605,2
3606,2
3607,3
3608,3
3609,3
3610,2
3611,3
3612,2
3613,1
3614,4
3615,5
3616,5
3617,4
3618,5
3619,3
3620,5
3621,1
3622,3
3623,4
3624,2
3625,3
3626,5
3627,2
3628,5
3629,2
3630,1
3631,1
3632,3
3633,2
3634,4
3635,3
3636,4
3637,2
3638,1
3639,4
3640,2
3641,2
3642,5
3643,3
3644,4
3645,2
3646,4
3647,4
3648,4
3649,4
3650,3
3651,1
3652,4
3653,3
3654,4
3655,3
3656,3
3657,4
3658,1
3659,3
3660,4
3661,4
3662,2
3663,2
3664,2
3665,1
3666,2
3667,2
3668,3
3669,1
3670,5
3671,3
3672,4
3673,3
3674,2
3675,5
3676,1
3677,4
3678,4
3679,3
3680,4
3681,5
3682,3
3683,2
3684,5
3685,2
3686,1
3687,4
3688,2
3689,4
3690,1
3691,3
3692,3
3693,4
3694,5
3695,3
3696,3
3697,4
3698,2
3699,1
3700,5
3701,4
3702,2
3703,3
3704,3
3705,2
3706,1
3707,1
3708,1
3709,2
3710,5
3711,5
3712,2
3713,4
3714,1
3715,2
3716,1
3717,3
3718,5
3719,4
3720,1
3721,3
3722,1
3723,5
3724,4
3725,5
3726,4
3727,2
3728,4
3729,4
3730,3
3731,2
3732,3
3733,1
3734,4
3735,5
3736,2
3737,2
3738,1
3739,1
3740,1
3741,1
3742,4
3743,3
3744,5
3745,4
3746,2
3747,3
3748,1
3749,1
3750,3
3751,4
3752,2
3753,2
3754,3
3755,4
3756,3
3757,4
3758,3
3759,4
3760,3
3761,5
3762,2
3763,5
3764,2
3765,4
3766,5
3767,2
3768,1
3769,5
3770,5
3771,1
3772,5
3773,1
3774,3
3775,1
3776,1
3777,1
3778,1
3779,2
3780,5
3781,3
3782,4
3783,1
3784,4
3785,3
3786,1
3787,2
3788,4
3789,4
3790,3
3791,4
3792,4
3793,4
3794,3
3795,3
3796,2
3797,2
3798,4
3799,4
3800,3
3801,3
3802,2
3803,2
3804,5
3805,3
3806,5
3807,5
3808,2
3809,5
3810,1
3811,2
3812,3
3813,1
3814,3
3815,2
3816,3
3817,5
3818,4
3819,5
3820,4
3821,1
3822,4
3823,4
3824,3
3825,5
3826,2
3827,3
3828,3
3829,2
3830,4
3831,3
3832,4
3833,1
3834,1
3835,3
3836,2
3837,2
3838,4
3839,5
3840,3
3841,4
3842,2
3843,4
3844,4
3845,3
3846,3
3847,1
3848,2
3849,5
3850,2
3851,4
3852,4
3853,3
3854,5
3855,2
3856,5
3857,4
3858,2
3859,4
3860,2
3861,2
3862,1
3863,2
3864,4
3865,2
3866,2
3867,4
3868,5
3869,5
3870,2
3871,5
3872,3
3873,3
3874,5
3875,5
3876,5
3877,1
3878,5
3879,2
3880,2
3881,4
3882,3
3883,1
3884,5
3885,1
3886,3
3887,3
3888,2
3889,5
3890,3
3891,1
3892,4
3893,5
3894,2
3895,4
3896,5
3897,3
3898,4
3899,2
3900,3
3901,5
3902,4
3903,2
3904,1
3905,5
3906,5
3907,2
3908,3
3909,4
3910,1
3911,2
3912,2
3913,2
3914,1
3915,1
3916,5
3917,5
3918,5
3919,4
3920,4
3921,1
3922,1
3923,1
3924,3
3925,5
3926,3
3927,5
3928,5
3929,4
3930,3
3931,2
3932,3
3933,2
3934,3
3935,5
3936,1
3937,1
3938,3
3939,3
3940,5
3941,1
3942,3
3943,1
3944,1
3945,3
3946,5
3947,2
3948,2
3949,3
3950,4
3951,5
3952,2
3953,3
3954,3
3955,4
3956,5
3957,2
3958,2
3959,4
3960,4
3961,1
3962,3
3963,5
3964,5
3965,2
3966,5
3967,4
3968,5
3969,2
3970,4
3971,4
3972,5
3973,5
3974,3
3975,4
3976,1
3977,5
3978,1
3979,3
3980,5
3981,4
3982,1
3983,1
3984,3
3985,5
3986,4
3987,1
3988,4
3989,4
3990,2
3991,3
3992,5
3993,4
3994,1
3995,3
3996,3
3997,3
3998,1
3999,1
4000,5
4001,1
4002,1
4003,5
4004,5
4005,5
4006,2
4007,4
4008,3
4009,4
4010,3
4011,4
4012,1
4013,4
4014,1
4015,1
4016,3
4017,2
4018,1
4019,4
4020,3
4021,4
4022,5
4023,5
4024,4
4025,5
4026,5
4027,3
4028,2
4029,5
4030,3
4031,4
4032,5
4033,3
4034,1
4035,3
4036,3
4037,4
4038,1
4039,3
4040,4
4041,3
4042,1
4043,5
4044,5
4045,2
4046,1
4047,4
4048,4
4049,5
4050,1
4051,4
4052,3
4053,5
4054,2
4055,4
4056,4
4057,3
4058,1
4059,2
4060,3
4061,5
4062,4
4063,4
4064,3
4065,1
4066,1
4067,3
4068,3
4069,1
4070,2
4071,1
4072,5
4073,4
4074,1
4075,2
4076,3
4077,4
4078,5
4079,5
4080,3
4081,1
4082,1
4083,4
4084,3
4085,3
4086,4
4087,5
4088,5
4089,1
4090,1
4091,4
4092,4
4093,2
4094,5
4095,5
4096,1
4097,1
4098,5
4099,4
4100,4
4101,2
4102,4
4103,2
4104,2
4105,5
4106,5
4107,4
4108,2
4109,5
4110,4
4111,5
4112,2
4113,3
4114,2
4115,2
4116,2
4117,4
4118,2
4119,3
4120,3
4121,2
4122,3
4123,5
4124,2
4125,3
4126,3
4127,4
4128,1
4129,2
4130,1
4131,2
4132,2
4133,2
4134,1
4135,3
4136,1
4137,1
4138,2
4139,4
4140,5
4141,3
4142,4
4143,3
4144,1
4145,3
4146,4
4147,3
4148,1
4149,3
4150,5
4151,5
4152,3
4153,2
4154,1
4155,2
4156,3
4157,5
4158,1
4159,5
4160,4
4161,1
4162,2
4163,3
4164,5
4165,5
4166,3
4167,5
4168,1
4169,3
4170,4
4171,4
4172,3
4173,4
4174,4
4175,1
4176,2
4177,1
4178,1
4179,3
4180,5
4181,2
4182,4
4183,3
4184,5
4185,4
4186,4
4187,1
4188,5
4189,5
4190,3
4191,4
4192,4
4193,2
4194,5
4195,3
4196,3
4197,2
4198,4
4199,1
4200,5
4201,2
4202,4
4203,3
4204,5
4205,2
4206,4
4207,2
4208,5
4209,2
4210,4
4211,2
4212,4
4213,3
4214,3
4215,1
4216,2
4217,3
4218,2
4219,3
4220,1
4221,3
4222,1
4223,2
4224,1
4225,3
4226,5
4227,4
4228,3
4229,2
4230,2
4231,1
4232,4
4233,1
4234,3
4235,5
4236,3
4237,3
4238,5
4239,3
4240,5
4241,5
4242,2
4243,4
4244,2
4245,1
4246,4
4247,1
4248,3
4249,1
4250,1
4251,4
4252,4
4253,5
4254,4
4255,1
4256,4
4257,5
4258,1
4259,5
4260,1
4261,3
4262,3
4263,4
4264,5
4265,4
4266,4
4267,1
4268,5
4269,2
4270,2
4271,3
4272,5
4273,3
4274,5
4275,1
4276,3
4277,5
4278,2
4279,2
4280,3
4281,4
4282,4
4283,5
4284,1
4285,5
4286,2
4287,4
4288,5
4289,1
4290,2
4291,3
4292,5
4293,4
4294,4
4295,4
4296,5
4297,5
4298,4
4299,1
4300,4
4301,3
4302,3
4303,3
4304,1
4305,3
4306,5
4307,2
4308,2
4309,3
4310,2
4311,1
4312,2
4313,1
4314,1
4315,3
4316,5
4317,4
4318,4
4319,5
4320,5
4321,5
4322,1
4323,4
4324,1
4325,4
4326,1
4327,3
4328,4
4329,5
4330,4
4331,1
4332,4
4333,1
4334,5
4335,4
4336,4
4337,4
4338,2
4339,4
4340,4
4341,5
4342,2
4343,4
4344,5
4345,1
4346,3
4347,2
4348,2
4349,3
4350,2
4351,5
4352,3
4353,5
4354,1
4355,2
4356,2
4357,1
4358,3
4359,4
4360,4
4361,1
4362,5
4363,5
4364,2
4365,2
4366,3
4367,5
4368,2
4369,1
4370,2
4371,4
4372,4
4373,3
4374,1
4375,1
4376,4
4377,3
4378,2
4379,5
4380,1
4381,1
4382,5
4383,4
4384,4
4385,4
4386,5
4387,3
4388,5
4389,2
4390,3
4391,1
4392,5
4393,1
4394,2
4395,3
4396,2
4397,3
4398,3
4399,1
4400,4
4401,5
4402,3
4403,5
4404,3
4405,1
4406,5
4407,4
4408,3
4409,5
4410,2
4411,1
4412,3
4413,5
4414,2
4415,5
4416,2
4417,2
4418,4
4419,1
4420,4
4421,3
4422,1
4423,2
4424,5
4425,4
4426,4
4427,1
4428,1
4429,5
4430,3
4431,2
4432,5
4433,5
4434,5
4435,1
4436,2
4437,4
4438,4
4439,4
4440,3
4441,3
4442,1
4443,5
4444,1
4445,1
4446,4
4447,5
4448,5
4449,5
4450,1
4451,1
4452,1
4453,2
4454,5
4455,3
4456,2
4457,5
4458,2
4459,1
4460,4
4461,3
4462,4
4463,5
4464,1
4465,3
4466,2
4467,2
4468,3
4469,1
4470,4
4471,3
4472,3
4473,5
4474,3
4475,1
4476,5
4477,2
4478,5
4479,2
4480,5
4481,1
4482,2
4483,3
4484,4
4485,1
4486,4
4487,1
4488,3
4489,1
4490,3
4491,5
4492,4
4493,4
4494,5
4495,4
4496,4
4497,4
4498,2
4499,5
4500,4
4501,3
4502,5
4503,3
4504,2
4505,2
4506,4
4507,2
4508,4
4509,1
4510,1
4511,1
4512,5
4513,3
4514,1
4515,4
4516,2
4517,3
4518,2
4519,4
4520,5
4521,3
4522,2
4523,2
4524,4
4525,3
4526,3
4527,1
4528,2
4529,1
4530,2
4531,3
4532,2
4533,5
4534,5
4535,5
4536,4
4537,5
4538,2
4539,3
4540,4
4541,5
4542,2
4543,2
4544,3
4545,3
4546,2
4547,2
4548,3
4549,2
4550,2
4551,5
4552,3
4553,2
4554,2
4555,3
4556,3
4557,3
4558,5
4559,5
4560,1
4561,3
4562,4
4563,1
4564,2
4565,5
4566,2
4567,5
4568,3
4569,5
4570,4
4571,3
4572,1
4573,1
4574,4
4575,2
4576,2
4577,1
4578,3
4579,4
4580,3
4581,4
4582,5
4583,5
4584,3
4585,3
4586,5
4587,4
4588,5
4589,4
4590,5
4591,1
4592,5
4593,2
4594,1
4595,3
4596,2
4597,1
4598,2
4599,4
4600,1
4601,5
4602,5
4603,5
4604,4
4605,2
4606,5
4607,4
4608,4
4609,1
4610,3
4611,4
4612,1
4613,5
4614,1
4615,3
4616,2
4617,5
4618,1
4619,4
4620,4
4621,1
4622,2
4623,1
4624,3
4625,1
4626,1
4627,3
4628,3
4629,2
4630,3
4631,1
4632,3
4633,2
4634,2
4635,1
4636,3
4637,4
4638,5
4639,5
4640,5
4641,3
4642,5
4643,2
4644,1
4645,2
4646,2
4647,2
4648,4
4649,4
4650,1
4651,3
4652,2
4653,3
4654,4
4655,5
4656,5
4657,3
4658,3
4659,5
4660,3
4661,4
4662,3
4663,1
4664,1
4665,1
4666,2
4667,5
4668,2
4669,4
4670,5
4671,5
4672,5
4673,3
4674,5
4675,5
4676,5
4677,4
4678,1
4679,3
4680,2
4681,1
4682,2
4683,3
4684,2
4685,5
4686,2
4687,4
4688,4
4689,5
4690,2
4691,3
4692,2
4693,1
4694,1
4695,2
4696,5
4697,3
4698,4
4699,2
4700,4
4701,4
4702,1
4703,3
4704,3
4705,1
4706,1
4707,5
4708,2
4709,4
4710,4
4711,1
4712,5
4713,1
4714,5
4715,4
4716,3
4717,5
4718,3
4719,5
4720,3
4721,5
4722,1
4723,5
4724,3
4725,5
4726,4
4727,4
4728,3
4729,2
4730,5
4731,2
4732,4
4733,3
4734,1
4735,5
4736,2
4737,5
4738,4
4739,4
4740,5
4741,4
4742,2
4743,3
4744,2
4745,3
4746,5
4747,4
4748,1
4749,4
4750,4
4751,5
4752,4
4753,1
4754,1
4755,3
4756,3
4757,4
4758,5
4759,1
4760,3
4761,5
4762,5
4763,3
4764,5
4765,1
4766,3
4767,1
4768,4
4769,1
4770,3
4771,5
4772,4
4773,5
4774,2
4775,4
4776,3
4777,4
4778,1
4779,4
4780,1
4781,4
4782,2
4783,4
4784,4
4785,5
4786,5
4787,5
4788,4
4789,1
4790,3
4791,1
4792,5
4793,3
4794,1
4795,4
4796,1
4797,3
4798,5
4799,5
4800,4
4801,1
4802,4
4803,2
4804,3
4805,5
4806,2
4807,4
4808,2
4809,3
4810,4
4811,2
4812,2
4813,3
4814,4
4815,1
4816,2
4817,4
4818,3
4819,1
4820,3
4821,2
4822,5
4823,2
4824,2
4825,4
4826,3
4827,5
4828,1
4829,1
4830,5
4831,2
4832,3
4833,3
4834,3
4835,5
4836,3
4837,5
4838,4
4839,1
4840,2
4841,5
4842,3
4843,5
4844,5
4845,3
4846,2
4847,2
4848,1
4849,2
4850,1
4851,5
4852,5
4853,2
4854,1
4855,5
4856,4
4857,3
4858,5
4859,2
4860,2
4861,3
4862,3
4863,2
4864,4
4865,1
4866,4
4867,5
4868,3
4869,5
4870,3
4871,3
4872,1
4873,3
4874,2
4875,4
4876,4
4877,3
4878,4
4879,2
4880,1
4881,5
4882,2
4883,5
4884,1
4885,4
4886,3
4887,1
4888,1
4889,1
4890,3
4891,1
4892,2
4893,5
4894,3
4895,1
4896,3
4897,1
4898,4
4899,1
4900,2
4901,2
4902,2
4903,5
4904,1
4905,2
4906,3
4907,1
4908,5
4909,1
4910,4
4911,3
4912,5
4913,3
4914,2
4915,5
4916,5
4917,2
4918,4
4919,4
4920,1
4921,1
4922,2
4923,3
4924,1
4925,3
4926,2
4927,5
4928,2
4929,4
4930,3
4931,4
4932,1
4933,2
4934,3
4935,5
4936,5
4937,2
4938,5
4939,2
4940,1
4941,1
4942,5
4943,3
4944,3
4945,5
4946,4
4947,4
4948,1
4949,5
4950,4
4951,1
4952,2
4953,5
4954,3
4955,5
4956,2
4957,4
4958,2
4959,4
4960,2
4961,1
4962,2
4963,1
4964,3
4965,3
4966,5
4967,5
4968,2
4969,2
4970,2
4971,5
4972,2
4973,3
4974,5
4975,1
4976,1
4977,2
4978,4
4979,5
4980,2
4981,1
4982,2
4983,1
4984,1
4985,1
4986,3
4987,3
4988,5
4989,1
4990,1
4991,4
4992,2
4993,5
4994,3
4995,5
4996,1
4997,3
4998,2
4999,1
5000,3
5001,2
5002,2
5003,5
5004,5
5005,3
5006,1
5007,5
5008,3
5009,4
5010,5
5011,3
5012,1
5013,5
5014,2
5015,2
5016,1
5017,4
5018,4
5019,1
5020,4
5021,1
5022,5
5023,3
5024,5
5025,3
5026,5
5027,3
5028,5
5029,2
5030,1
5031,4
5032,5
5033,3
5034,1
5035,4
5036,1
5037,4
5038,2
5039,2
5040,4
5041,3
5042,3
5043,4
5044,1
5045,5
5046,3
5047,2
5048,2
5049,3
5050,3
5051,2
5052,3
5053,3
5054,4
5055,1
5056,4
5057,4
5058,2
5059,1
5060,2
5061,2
5062,2
5063,1
5064,3
5065,4
5066,5
5067,1
5068,3
5069,5
5070,2
5071,4
5072,5
5073,1
5074,2
5075,3
5076,3
5077,3
5078,5
5079,5
5080,2
5081,1
5082,4
5083,2
5084,1
5085,3
5086,2
5087,5
5088,5
5089,4
5090,5
5091,4
5092,3
5093,2
5094,3
5095,3
5096,1
5097,3
5098,3
5099,1
5100,3
5101,3
5102,3
5103,2
5104,1
5105,1
5106,5
5107,5
5108,4
5109,4
5110,5
5111,4
5112,3
5113,3
5114,5
5115,3
5116,1
5117,2
5118,1
5119,5
5120,1
5121,2
5122,3
5123,2
5124,2
5125,5
5126,1
5127,1
5128,5
5129,3
5130,3
5131,2
5132,4
5133,2
5134,3
5135,2
5136,2
5137,4
5138,4
5139,5
5140,4
5141,5
5142,4
5143,5
5144,2
5145,1
5146,4
5147,4
5148,1
5149,3
5150,4
5151,5
5152,5
5153,1
5154,3
5155,4
5156,2
5157,3
5158,5
5159,1
5160,5
5161,5
5162,4
5163,4
5164,4
5165,4
5166,5
5167,2
5168,4
5169,5
5170,2
5171,3
5172,1
5173,5
5174,4
5175,2
5176,4
5177,3
5178,4
5179,3
5180,2
5181,1
5182,4
5183,5
5184,4
5185,4
5186,2
5187,4
5188,5
5189,1
5190,2
5191,5
5192,2
5193,3
5194,2
5195,5
5196,4
5197,5
5198,1
5199,2
5200,3
5201,2
5202,1
5203,3
5204,4
5205,4
5206,5
5207,5
5208,2
5209,5
5210,2
5211,1
5212,2
5213,4
5214,1
5215,3
5216,2
5217,1
5218,1
5219,2
5220,3
5221,3
5222,4
5223,5
5224,4
5225,4
5226,4
5227,2
5228,3
5229,3
5230,2
5231,4
5232,4
5233,1
5234,4
5235,4
5236,5
5237,3
5238,5
5239,1
5240,1
5241,4
5242,3
5243,3
5244,4
5245,4
5246,4
5247,1
5248,2
5249,2
5250,5
5251,1
5252,1
5253,5
5254,5
5255,1
5256,2
5257,3
5258,5
5259,1
5260,3
5261,5
5262,3
5263,5
5264,1
5265,4
5266,4
5267,5
5268,2
5269,5
5270,3
5271,5
5272,1
5273,4
5274,4
5275,3
5276,2
5277,4
5278,2
5279,2
5280,2
5281,5
5282,4
5283,5
5284,1
5285,4
5286,2
5287,4
5288,5
5289,1
5290,4
5291,1
5292,2
5293,3
5294,1
5295,4
5296,2
5297,3
5298,4
5299,2
5300,1
5301,5
5302,3
5303,1
5304,2
5305,2
5306,3
5307,1
5308,3
5309,5
5310,5
5311,2
5312,4
5313,5
5314,2
5315,2
5316,3
5317,1
5318,2
5319,1
5320,4
5321,5
5322,1
5323,5
5324,3
5325,4
5326,4
5327,5
5328,4
5329,5
5330,5
5331,1
5332,1
5333,5
5334,4
5335,5
5336,1
5337,3
5338,4
5339,2
5340,4
5341,1
5342,3
5343,5
5344,4
5345,1
5346,2
5347,5
5348,1
5349,4
5350,4
5351,2
5352,4
5353,5
5354,1
5355,1
5356,2
5357,4
5358,5
5359,3
5360,4
5361,3
5362,1
5363,2
5364,5
5365,1
5366,3
5367,1
5368,5
5369,2
5370,5
5371,3
5372,4
5373,5
5374,4
5375,1
5376,3
5377,2
5378,2
5379,5
5380,3
5381,5
5382,4
5383,4
5384,2
5385,2
5386,2
5387,1
5388,4
5389,3
5390,3
5391,4
5392,2
5393,1
5394,3
5395,2
5396,3
5397,1
5398,2
5399,4
5400,5
5401,3
5402,1
5403,2
5404,2
5405,1
5406,5
5407,5
5408,1
5409,1
5410,2
5411,2
5412,2
5413,5
5414,4
5415,4
5416,1
5417,2
5418,3
5419,1
5420,3
5421,2
5422,4
5423,1
5424,2
5425,3
5426,4
5427,2
5428,4
5429,3
5430,4
5431,4
5432,3
5433,4
5434,3
5435,4
5436,5
5437,4
5438,3
5439,4
5440,4
5441,3
5442,4
5443,3
5444,2
5445,3
5446,5
5447,4
5448,5
5449,3
5450,4
5451,2
5452,4
5453,5
5454,4
5455,2
5456,3
5457,4
5458,3
5459,1
5460,4
5461,3
5462,5
5463,5
5464,3
5465,4
5466,1
5467,1
5468,1
5469,1
5470,2
5471,1
5472,1
5473,4
5474,5
5475,5
5476,5
5477,2
5478,5
5479,1
5480,4
5481,3
5482,3
5483,1
5484,1
5485,5
5486,5
5487,3
5488,5
5489,3
5490,4
5491,3
5492,4
5493,3
5494,1
5495,4
5496,1
5497,3
5498,2
5499,1
5500,2
5501,1
5502,2
5503,4
5504,3
5505,2
5506,1
5507,5
5508,3
5509,4
5510,3
5511,1
5512,3
5513,2
5514,4
5515,3
5516,1
5517,2
5518,2
5519,4
5520,5
5521,4
5522,3
5523,1
5524,1
5525,2
5526,3
5527,3
5528,4
5529,5
5530,4
5531,4
5532,1
5533,2
5534,1
5535,4
5536,2
5537,3
5538,1
5539,4
5540,1
5541,4
5542,4
5543,3
5544,5
5545,5
5546,1
5547,3
5548,1
5549,4
5550,1
5551,3
5552,4
5553,2
5554,3
5555,5
5556,3
5557,3
5558,1
5559,2
5560,1
5561,1
5562,3
5563,2
5564,5
5565,5
5566,2
5567,4
5568,4
5569,5
5570,4
5571,5
5572,2
5573,5
5574,1
5575,4
5576,3
5577,1
5578,1
5579,1
5580,3
5581,5
5582,4
5583,4
5584,5
5585,2
5586,1
5587,3
5588,3
5589,4
5590,3
5591,2
5592,2
5593,5
5594,4
5595,1
5596,2
5597,3
5598,5
5599,1
5600,1
5601,5
5602,1
5603,4
5604,3
5605,4
5606,1
5607,1
5608,1
5609,1
5610,1
5611,3
5612,5
5613,5
5614,3
5615,1
5616,4
5617,4
5618,4
5619,1
5620,4
5621,5
5622,5
5623,3
5624,1
5625,4
5626,1
5627,3
5628,5
5629,5
5630,2
5631,2
5632,1
5633,4
5634,3
5635,1
5636,1
5637,5
5638,1
5639,2
5640,3
5641,5
5642,1
5643,5
5644,4
5645,3
5646,1
5647,4
5648,2
5649,2
5650,3
5651,2
5652,1
5653,2
5654,5
5655,1
5656,4
5657,3
5658,5
5659,2
5660,3
5661,2
5662,3
5663,4
5664,4
5665,3
5666,1
5667,5
5668,5
5669,1
5670,4
5671,2
5672,5
5673,4
5674,5
5675,3
5676,5
5677,2
5678,4
5679,2
5680,1
5681,5
5682,5
5683,4
5684,3
5685,4
5686,1
5687,2
5688,2
5689,4
5690,3
5691,4
5692,4
5693,4
5694,3
5695,5
5696,1
5697,3
5698,3
5699,4
5700,2
5701,3
5702,5
5703,2
5704,1
5705,2
5706,2
5707,3
5708,3
5709,1
5710,3
5711,2
5712,5
5713,3
5714,4
5715,1
5716,3
5717,4
5718,3
5719,4
5720,3
5721,5
5722,4
5723,5
5724,5
5725,4
5726,3
5727,5
5728,3
5729,4
5730,3
5731,3
5732,1
5733,5
5734,1
5735,3
5736,5
5737,5
5738,2
5739,3
5740,2
5741,1
5742,1
5743,5
5744,3
5745,1
5746,2
5747,1
5748,3
5749,1
5750,4
5751,4
5752,4
5753,1
5754,4
5755,2
5756,4
5757,4
5758,2
5759,5
5760,4
5761,4
5762,5
5763,1
5764,4
5765,4
5766,1
5767,5
5768,2
5769,4
5770,2
5771,5
5772,1
5773,5
5774,1
5775,2
5776,2
5777,4
5778,5
5779,5
5780,3
5781,1
5782,2
5783,4
5784,2
5785,5
5786,4
5787,3
5788,3
5789,3
5790,3
5791,5
5792,5
5793,1
5794,4
5795,5
5796,2
5797,3
5798,4
5799,2
5800,3
5801,5
5802,5
5803,4
5804,1
5805,1
5806,5
5807,4
5808,3
5809,5
5810,1
5811,1
5812,3
5813,2
5814,1
5815,3
5816,4
5817,5
5818,5
5819,3
5820,2
5821,2
5822,4
5823,4
5824,5
5825,4
5826,2
5827,1
5828,2
5829,4
5830,2
5831,2
5832,5
5833,2
5834,5
5835,4
5836,2
5837,2
5838,5
5839,1
5840,4
5841,5
5842,3
5843,3
5844,1
5845,5
5846,5
5847,5
5848,3
5849,5
5850,3
5851,1
5852,2
5853,5
5854,4
5855,5
5856,3
5857,1
5858,2
5859,5
5860,3
5861,3
5862,4
5863,3
5864,4
5865,4
5866,5
5867,4
5868,2
5869,1
5870,5
5871,5
5872,3
5873,3
5874,4
5875,4
5876,2
5877,5
5878,1
5879,4
5880,3
5881,1
5882,4
5883,5
5884,1
5885,1
5886,4
5887,1
5888,2
5889,5
5890,4
5891,5
5892,5
5893,1
5894,3
5895,5
5896,5
5897,3
5898,3
5899,3
5900,3
5901,4
5902,1
5903,3
5904,1
5905,5
5906,3
5907,1
5908,5
5909,5
5910,3
5911,4
5912,2
5913,4
5914,1
5915,2
5916,2
5917,1
5918,5
5919,2
5920,5
5921,5
5922,5
5923,5
5924,1
5925,5
5926,1
5927,5
5928,1
5929,5
5930,1
5931,2
5932,4
5933,3
5934,4
5935,4
5936,1
5937,3
5938,2
5939,2
5940,4
5941,5
5942,2
5943,3
5944,1
5945,4
5946,2
5947,5
5948,1
5949,2
5950,3
5951,4
5952,2
5953,3
5954,1
5955,2
5956,1
5957,1
5958,2
5959,1
5960,1
5961,1
5962,5
5963,3
5964,1
5965,1
5966,4
5967,3
5968,5
5969,4
5970,2
5971,3
5972,5
5973,4
5974,3
5975,1
5976,4
5977,3
5978,5
5979,5
5980,1
5981,4
5982,1
5983,3
5984,4
5985,5
5986,4
5987,3
5988,4
5989,2
5990,3
5991,5
5992,4
5993,1
5994,3
5995,4
5996,3
5997,2
5998,2
5999,3
6000,1
6001,4
6002,5
6003,3
6004,2
6005,5
6006,2
6007,3
6008,2
6009,5
6010,4
6011,5
6012,4
6013,1
6014,2
6015,5
6016,2
6017,3
6018,3
6019,5
6020,5
6021,5
6022,3
6023,2
6024,3
6025,2
6026,2
6027,5
6028,2
6029,1
6030,3
6031,3
6032,5
6033,1
6034,5
6035,2
6036,4
6037,1
6038,3
6039,1
6040,2
6041,2
6042,4
6043,1
6044,4
6045,4
6046,2
6047,2
6048,1
6049,3
6050,4
6051,3
6052,2
6053,2
6054,5
6055,1
6056,5
6057,3
6058,4
6059,5
6060,2
6061,4
6062,2
6063,1
6064,5
6065,5
6066,2
6067,3
6068,1
6069,5
6070,2
6071,1
6072,4
6073,3
6074,1
6075,4
6076,4
6077,5
6078,1
6079,1
6080,3
6081,5
6082,2
6083,3
6084,4
6085,2
6086,3
6087,2
6088,1
6089,2
6090,5
6091,5
6092,2
6093,5
6094,4
6095,4
6096,5
6097,4
6098,5
6099,3
6100,1
6101,1
6102,1
6103,5
6104,4
6105,3
6106,4
6107,1
6108,2
6109,1
6110,5
6111,4
6112,2
6113,5
6114,3
6115,3
6116,5
6117,1
6118,3
6119,3
6120,5
6121,2
6122,1
6123,5
6124,3
6125,1
6126,4
6127,2
6128,3
6129,2
6130,3
6131,1
6132,4
6133,5
6134,2
6135,3
6136,3
6137,5
6138,5
6139,5
6140,1
6141,5
6142,5
6143,1
6144,2
6145,4
6146,2
6147,1
6148,3
6149,4
6150,5
6151,3
6152,2
6153,4
6154,1
6155,4
6156,4
6157,5
6158,2
6159,2
6160,4
6161,4
6162,4
6163,2
6164,3
6165,3
6166,3
6167,4
6168,2
6169,2
6170,4
6171,4
6172,1
6173,5
6174,4
6175,2
6176,1
6177,5
6178,4
6179,5
6180,4
6181,3
6182,2
6183,3
6184,3
6185,2
6186,2
6187,3
6188,2
6189,5
6190,5
6191,5
6192,1
6193,2
6194,4
6195,2
6196,1
6197,2
6198,4
6199,4
6200,4
6201,4
6202,3
6203,1
6204,2
6205,1
6206,3
6207,3
6208,3
6209,1
6210,2
6211,4
6212,2
6213,1
6214,4
6215,3
6216,2
6217,1
6218,2
6219,5
6220,2
6221,1
6222,2
6223,3
6224,1
6225,5
6226,4
6227,5
6228,2
6229,3
6230,1
6231,5
6232,1
6233,1
6234,2
6235,1
6236,5
6237,3
6238,1
6239,1
6240,5
6241,3
6242,5
6243,3
6244,4
6245,2
6246,2
6247,3
6248,5
6249,2
6250,4
6251,2
6252,2
6253,5
6254,4
6255,2
6256,3
6257,2
6258,3
6259,3
6260,3
6261,4
6262,2
6263,4
6264,2
6265,2
6266,3
6267,5
6268,2
6269,4
6270,3
6271,2
6272,3
6273,3
6274,2
6275,4
6276,3
6277,5
6278,5
6279,5
6280,4
6281,5
6282,1
6283,2
6284,4
6285,5
6286,2
6287,2
6288,4
6289,4
6290,5
6291,5
6292,4
6293,4
6294,2
6295,3
6296,5
6297,5
6298,4
6299,3
6300,5
6301,1
6302,4
6303,5
6304,3
6305,1
6306,5
6307,1
6308,4
6309,2
6310,1
6311,4
6312,4
6313,2
6314,2
6315,5
6316,1
6317,2
6318,4
6319,1
6320,3
6321,5
6322,4
6323,3
6324,3
6325,4
6326,2
6327,4
6328,5
6329,4
6330,3
6331,4
6332,5
6333,4
6334,4
6335,2
6336,2
6337,5
6338,2
6339,2
6340,1
6341,4
6342,5
6343,2
6344,4
6345,2
6346,2
6347,5
6348,1
6349,4
6350,4
6351,2
6352,1
6353,5
6354,3
6355,5
6356,3
6357,2
6358,5
6359,3
6360,5
6361,3
6362,2
6363,1
6364,3
6365,4
6366,1
6367,4
6368,1
6369,2
6370,5
6371,3
6372,4
6373,5
6374,1
6375,5
6376,3
6377,3
6378,1
6379,2
6380,3
6381,1
6382,2
6383,2
6384,2
6385,3
6386,5
6387,4
6388,2
6389,2
6390,5
6391,4
6392,4
6393,2
6394,5
6395,5
6396,2
6397,4
6398,3
6399,1
6400,4
6401,4
6402,5
6403,2
6404,4
6405,3
6406,3
6407,1
6408,3
6409,1
6410,4
6411,3
6412,4
6413,5
6414,4
6415,3
6416,2
6417,2
6418,1
6419,5
6420,4
6421,1
6422,5
6423,1
6424,2
6425,3
6426,5
6427,5
6428,4
6429,2
6430,4
6431,2
6432,1
6433,4
6434,3
6435,2
6436,1
6437,2
6438,1
6439,2
6440,3
6441,3
6442,3
6443,2
6444,5
6445,5
6446,4
6447,3
6448,5
6449,3
6450,1
6451,1
6452,1
6453,3
6454,5
6455,1
6456,5
6457,5
6458,4
6459,4
6460,2
6461,2
6462,4
6463,3
6464,2
6465,4
6466,1
6467,3
6468,4
6469,3
6470,3
6471,5
6472,4
6473,2
6474,3
6475,2
6476,5
6477,3
6478,4
6479,3
6480,4
6481,1
6482,4
6483,5
6484,3
6485,4
6486,1
6487,5
6488,3
6489,2
6490,1
6491,3
6492,1
6493,2
6494,2
6495,2
6496,5
6497,5
6498,2
6499,3
6500,4
6501,2
6502,5
6503,2
6504,3
6505,3
6506,5
6507,4
6508,2
6509,2
6510,3
6511,4
6512,5
6513,5
6514,3
6515,4
6516,1
6517,1
6518,1
6519,5
6520,3
6521,4
6522,4
6523,5
6524,3
6525,3
6526,3
6527,4
6528,2
6529,5
6530,5
6531,2
6532,2
6533,2
6534,2
6535,1
6536,5
6537,1
6538,4
6539,4
6540,4
6541,3
6542,4
6543,4
6544,5
6545,1
6546,1
6547,3
6548,5
6549,2
6550,1
6551,5
6552,3
6553,2
6554,2
6555,3
6556,1
6557,5
6558,3
6559,2
6560,4
6561,1
6562,5
6563,3
6564,5
6565,5
6566,2
6567,3
6568,5
6569,3
6570,4
6571,2
6572,5
6573,5
6574,1
6575,4
6576,5
6577,5
6578,1
6579,1
6580,2
6581,2
6582,4
6583,2
6584,4
6585,3
6586,1
6587,3
6588,2
6589,4
6590,4
6591,3
6592,1
6593,3
6594,1
6595,1
6596,4
6597,2
6598,4
6599,4
6600,4
6601,2
6602,4
6603,2
6604,4
6605,5
6606,3
6607,2
6608,3
6609,5
6610,2
6611,4
6612,3
6613,3
6614,2
6615,4
6616,2
6617,2
6618,1
6619,4
6620,5
6621,3
6622,4
6623,1
6624,4
6625,1
6626,1
6627,5
6628,1
6629,4
6630,1
6631,4
6632,1
6633,4
6634,1
6635,2
6636,3
6637,1
6638,1
6639,5
6640,3
6641,2
6642,2
6643,2
6644,4
6645,4
6646,4
6647,3
6648,5
6649,5
6650,1
6651,4
6652,2
6653,2
6654,5
6655,1
6656,3
6657,2
6658,5
6659,5
6660,3
6661,1
6662,5
6663,1
6664,3
6665,3
6666,4
6667,3
6668,5
6669,1
6670,4
6671,3
6672,5
6673,5
6674,1
6675,1
6676,3
6677,3
6678,5
6679,4
6680,1
6681,5
6682,1
6683,3
6684,4
6685,3
6686,1
6687,1
6688,1
6689,2
6690,3
6691,5
6692,2
6693,3
6694,4
6695,4
6696,2
6697,1
6698,1
6699,1
6700,3
6701,5
6702,1
6703,3
6704,1
6705,1
6706,2
6707,2
6708,4
6709,5
6710,4
6711,4
6712,2
6713,5
6714,1
6715,4
6716,4
6717,4
6718,4
6719,1
6720,3
6721,1
6722,1
6723,4
6724,4
6725,3
6726,1
6727,3
6728,4
6729,2
6730,1
6731,5
6732,1
6733,2
6734,4
6735,4
6736,1
6737,4
6738,2
6739,4
6740,3
6741,4
6742,4
6743,1
6744,1
6745,4
6746,4
6747,5
6748,4
6749,3
6750,3
6751,1
6752,1
6753,1
6754,3
6755,3
6756,5
6757,4
6758,2
6759,5
6760,5
6761,5
6762,5
6763,2
6764,2
6765,5
6766,5
6767,2
6768,2
6769,4
6770,5
6771,2
6772,3
6773,1
6774,3
6775,4
6776,3
6777,2
6778,5
6779,5
6780,2
6781,2
6782,1
6783,2
6784,5
6785,1
6786,1
6787,2
6788,5
6789,2
6790,2
6791,5
6792,2
6793,1
6794,4
6795,1
6796,3
6797,2
6798,1
6799,4
6800,4
6801,2
6802,4
6803,4
6804,3
6805,1
6806,2
6807,1
6808,1
6809,2
6810,1
6811,5
6812,5
6813,5
6814,1
6815,3
6816,5
6817,2
6818,2
6819,2
6820,2
6821,3
6822,4
6823,3
6824,5
6825,1
6826,2
6827,4
6828,2
6829,5
6830,2
6831,3
6832,2
6833,1
6834,2
6835,5
6836,2
6837,1
6838,1
6839,1
6840,2
6841,1
6842,1
6843,2
6844,1
6845,3
6846,4
6847,1
6848,3
6849,2
6850,2
6851,5
6852,1
6853,1
6854,5
6855,4
6856,2
6857,2
6858,5
6859,2
6860,4
6861,2
6862,5
6863,5
6864,3
6865,5
6866,4
6867,2
6868,2
6869,4
6870,3
6871,5
6872,2
6873,1
6874,2
6875,1
6876,5
6877,2
6878,2
6879,2
6880,4
6881,3
6882,4
6883,4
6884,4
6885,2
6886,1
6887,1
6888,1
6889,3
6890,3
6891,5
6892,1
6893,1
6894,3
6895,3
6896,1
6897,5
6898,3
6899,3
6900,5
6901,1
6902,1
6903,4
6904,1
6905,1
6906,1
6907,5
6908,2
6909,4
6910,5
6911,5
6912,5
6913,1
6914,3
6915,5
6916,1
6917,3
6918,1
6919,3
6920,4
6921,3
6922,1
6923,2
6924,1
6925,4
6926,3
6927,4
6928,1
6929,2
6930,2
6931,2
6932,3
6933,3
6934,3
6935,2
6936,5
6937,4
6938,5
6939,3
6940,5
6941,4
6942,4
6943,2
6944,1
6945,4
6946,2
6947,3
6948,1
6949,5
6950,5
6951,5
6952,3
6953,1
6954,3
6955,3
6956,5
6957,4
6958,1
6959,4
6960,4
6961,3
6962,5
6963,3
6964,1
6965,3
6966,3
6967,2
6968,2
6969,2
6970,2
6971,4
6972,4
6973,1
6974,4
6975,2
6976,2
6977,3
6978,2
6979,2
6980,4
6981,5
6982,3
6983,4
6984,3
6985,3
6986,1
6987,4
6988,5
6989,5
6990,3
6991,2
6992,3
6993,2
6994,5
6995,2
6996,2
6997,2
6998,3
6999,1
7000,2
7001,1
7002,4
7003,4
7004,4
7005,3
7006,4
7007,5
7008,3
7009,4
7010,2
7011,3
7012,2
7013,2
7014,1
7015,1
7016,2
7017,4
7018,4
7019,5
7020,2
7021,3
7022,1
7023,4
7024,3
7025,1
7026,2
7027,5
7028,2
7029,4
7030,2
7031,5
7032,2
7033,5
7034,2
7035,4
7036,3
7037,5
7038,3
7039,4
7040,5
7041,2
7042,2
7043,3
7044,2
7045,2
7046,5
7047,3
7048,2
7049,2
7050,4
7051,3
7052,1
7053,2
7054,4
7055,4
7056,1
7057,4
7058,4
7059,5
7060,3
7061,3
7062,2
7063,4
7064,4
7065,5
7066,2
7067,2
7068,1
7069,3
7070,1
7071,4
7072,2
7073,5
7074,2
7075,5
7076,5
7077,5
7078,5
7079,4
7080,5
7081,5
7082,2
7083,1
7084,5
7085,4
7086,2
7087,2
7088,3
7089,4
7090,2
7091,1
7092,1
7093,2
7094,1
7095,4
7096,1
7097,5
7098,4
7099,5
7100,1
7101,5
7102,4
7103,2
7104,2
7105,3
7106,3
7107,2
7108,4
7109,2
7110,2
7111,3
7112,5
7113,5
7114,3
7115,4
7116,4
7117,2
7118,3
7119,4
7120,5
7121,4
7122,2
7123,3
7124,3
7125,3
7126,2
7127,4
7128,4
7129,5
7130,2
7131,1
7132,5
7133,4
7134,3
7135,4
7136,3
7137,1
7138,5
7139,4
7140,3
7141,3
7142,3
7143,1
7144,1
7145,3
7146,1
7147,4
7148,2
7149,4
7150,5
7151,2
7152,2
7153,3
7154,5
7155,5
7156,2
7157,5
7158,3
7159,1
7160,4
7161,1
7162,5
7163,3
7164,5
7165,3
7166,4
7167,3
7168,5
7169,4
7170,2
7171,5
7172,4
7173,5
7174,5
7175,2
7176,5
7177,3
7178,4
7179,4
7180,4
7181,3
7182,1
7183,2
7184,4
7185,4
7186,5
7187,2
7188,3
7189,2
7190,3
7191,3
7192,3
7193,3
7194,5
7195,2
7196,1
7197,4
7198,3
7199,5
7200,4
7201,5
7202,3
7203,3
7204,5
7205,4
7206,2
7207,3
7208,4
7209,4
7210,5
7211,1
7212,4
7213,1
7214,1
7215,4
7216,3
7217,1
7218,4
7219,5
7220,5
7221,1
7222,3
7223,4
7224,2
7225,1
7226,1
7227,2
7228,4
7229,5
7230,2
7231,1
7232,2
7233,1
7234,1
7235,4
7236,1
7237,4
7238,5
7239,2
7240,4
7241,1
7242,4
7243,4
7244,3
7245,3
7246,2
7247,4
7248,1
7249,5
7250,1
7251,2
7252,5
7253,5
7254,4
7255,1
7256,3
7257,2
7258,5
7259,3
7260,4
7261,1
7262,3
7263,3
7264,4
7265,4
7266,5
7267,2
7268,3
7269,2
7270,4
7271,5
7272,5
7273,5
7274,4
7275,4
7276,4
7277,4
7278,4
7279,5
7280,4
7281,5
7282,5
7283,1
7284,4
7285,2
7286,2
7287,2
7288,4
7289,1
7290,1
7291,3
7292,3
7293,3
7294,4
7295,5
7296,2
7297,1
7298,1
7299,2
7300,2
7301,3
7302,3
7303,2
7304,2
7305,2
7306,2
7307,3
7308,2
7309,2
7310,4
7311,2
7312,3
7313,4
7314,2
7315,1
7316,5
7317,4
7318,2
7319,1
7320,2
7321,4
7322,2
7323,2
7324,1
7325,5
7326,3
7327,2
7328,1
7329,1
7330,1
7331,3
7332,4
7333,2
7334,5
7335,1
7336,2
7337,4
7338,4
7339,2
7340,4
7341,4
7342,3
7343,2
7344,5
7345,2
7346,3
7347,4
7348,5
7349,2
7350,5
7351,3
7352,1
7353,4
7354,3
7355,4
7356,2
7357,5
7358,4
7359,3
7360,5
7361,5
7362,5
7363,2
7364,4
7365,5
7366,4
7367,1
7368,3
7369,1
7370,3
7371,5
7372,5
7373,4
7374,1
7375,2
7376,4
7377,5
7378,2
7379,3
7380,3
7381,1
7382,5
7383,2
7384,2
7385,5
7386,2
7387,3
7388,1
7389,1
7390,1
7391,5
7392,1
7393,1
7394,5
7395,3
7396,5
7397,4
7398,1
7399,5
7400,3
7401,4
7402,2
7403,4
7404,4
7405,4
7406,1
7407,1
7408,3
7409,5
7410,3
7411,2
7412,4
7413,5
7414,1
7415,2
7416,5
7417,4
7418,4
7419,3
7420,5
7421,4
7422,2
7423,3
7424,3
7425,2
7426,5
7427,3
7428,1
7429,2
7430,1
7431,3
7432,5
7433,3
7434,1
7435,4
7436,4
7437,4
7438,5
7439,5
7440,3
7441,4
7442,1
7443,5
7444,4
7445,4
7446,1
7447,2
7448,5
7449,2
7450,1
7451,1
7452,1
7453,4
7454,5
7455,4
7456,2
7457,3
7458,2
7459,4
7460,3
7461,1
7462,2
7463,5
7464,5
7465,2
7466,1
7467,2
7468,3
7469,1
7470,5
7471,2
7472,1
7473,5
7474,2
7475,4
7476,1
7477,4
7478,2
7479,5
7480,4
7481,2
7482,5
7483,5
7484,5
7485,2
7486,2
7487,2
7488,2
7489,5
7490,4
7491,1
7492,5
7493,3
7494,4
7495,5
7496,2
7497,5
7498,5
7499,1
7500,5
7501,2
7502,5
7503,5
7504,1
7505,5
7506,5
7507,5
7508,3
7509,2
7510,2
7511,2
7512,5
7513,1
7514,4
7515,2
7516,4
7517,4
7518,4
7519,4
7520,5
7521,5
7522,2
7523,5
7524,4
7525,4
7526,5
7527,4
7528,4
7529,5
7530,5
7531,1
7532,1
7533,1
7534,5
7535,2
7536,4
7537,1
7538,2
7539,5
7540,2
7541,1
7542,5
7543,2
7544,3
7545,5
7546,1
7547,5
7548,3
7549,3
7550,2
7551,3
7552,4
7553,4
7554,1
7555,5
7556,4
7557,5
7558,4
7559,1
7560,3
7561,2
7562,3
7563,5
7564,5
7565,1
7566,2
7567,4
7568,5
7569,2
7570,4
7571,3
7572,4
7573,4
7574,5
7575,1
7576,5
7577,3
7578,5
7579,5
7580,4
7581,5
7582,5
7583,4
7584,3
7585,3
7586,5
7587,1
7588,2
7589,1
7590,2
7591,4
7592,5
7593,3
7594,3
7595,5
7596,5
7597,5
7598,2
7599,4
7600,2
7601,2
7602,1
7603,3
7604,2
7605,3
7606,4
7607,5
7608,4
7609,3
7610,3
7611,5
7612,4
7613,3
7614,1
7615,1
7616,1
7617,5
7618,4
7619,1
7620,3
7621,1
7622,5
7623,4
7624,5
7625,3
7626,5
7627,4
7628,5
7629,1
7630,1
7631,4
7632,5
7633,2
7634,2
7635,2
7636,2
7637,2
7638,1
7639,5
7640,2
7641,1
7642,3
7643,5
7644,1
7645,5
7646,5
7647,1
7648,2
7649,3
7650,1
7651,1
7652,3
7653,3
7654,5
7655,5
7656,3
7657,3
7658,4
7659,1
7660,1
7661,3
7662,3
7663,2
7664,1
7665,4
7666,4
7667,1
7668,1
7669,4
7670,5
7671,5
7672,2
7673,3
7674,1
7675,3
7676,4
7677,5
7678,4
7679,4
7680,3
7681,2
7682,5
7683,2
7684,5
7685,1
7686,5
7687,3
7688,5
7689,2
7690,3
7691,4
7692,4
7693,3
7694,5
7695,2
7696,1
7697,5
7698,2
7699,5
7700,3
7701,3
7702,1
7703,4
7704,2
7705,1
7706,5
7707,5
7708,4
7709,3
7710,2
7711,5
7712,4
7713,4
7714,1
7715,4
7716,2
7717,3
7718,3
7719,2
7720,1
7721,2
7722,5
7723,5
7724,4
7725,5
7726,4
7727,5
7728,4
7729,5
7730,5
7731,5
7732,2
7733,4
7734,1
7735,3
7736,1
7737,5
7738,5
7739,5
7740,3
7741,1
7742,4
7743,2
7744,5
7745,2
7746,4
7747,2
7748,4
7749,3
7750,2
7751,4
7752,5
7753,1
7754,3
7755,2
7756,4
7757,2
7758,5
7759,5
7760,4
7761,2
7762,1
7763,2
7764,4
7765,2
7766,2
7767,1
7768,2
7769,1
7770,4
7771,4
7772,5
7773,2
7774,1
7775,1
7776,4
7777,5
7778,5
7779,5
7780,1
7781,2
7782,5
7783,5
7784,2
7785,1
7786,5
7787,1
7788,5
7789,4
7790,4
7791,3
7792,5
7793,2
7794,3
7795,3
7796,2
7797,5
7798,3
7799,1
7800,3
7801,1
7802,4
7803,1
7804,2
7805,3
7806,3
7807,3
7808,1
7809,2
7810,2
7811,4
7812,4
7813,3
7814,5
7815,1
7816,2
7817,3
7818,2
7819,1
7820,5
7821,2
7822,3
7823,3
7824,3
7825,1
7826,3
7827,5
7828,2
7829,4
7830,2
7831,3
7832,2
7833,5
7834,5
7835,4
7836,3
7837,4
7838,5
7839,5
7840,2
7841,4
7842,5
7843,3
7844,5
7845,4
7846,3
7847,3
7848,1
7849,4
7850,3
7851,1
7852,2
7853,2
7854,2
7855,4
7856,4
7857,2
7858,1
7859,1
7860,3
7861,3
7862,4
7863,2
7864,4
7865,1
7866,5
7867,2
7868,3
7869,2
7870,4
7871,3
7872,1
7873,4
7874,5
7875,4
7876,3
7877,5
7878,5
7879,3
7880,1
7881,1
7882,2
7883,1
7884,2
7885,1
7886,2
7887,1
7888,3
7889,2
7890,1
7891,2
7892,3
7893,5
7894,4
7895,1
7896,4
7897,1
7898,5
7899,1
7900,4
7901,1
7902,4
7903,3
7904,5
7905,5
7906,4
7907,5
7908,4
7909,3
7910,4
7911,2
7912,1
7913,5
7914,4
7915,1
7916,1
7917,3
7918,4
7919,5
7920,3
7921,4
7922,4
7923,4
7924,5
7925,3
7926,3
7927,4
7928,3
7929,4
7930,4
7931,4
7932,4
7933,5
7934,4
7935,5
7936,3
7937,1
7938,5
7939,3
7940,5
7941,3
7942,1
7943,2
7944,2
7945,5
7946,4
7947,4
7948,4
7949,1
7950,2
7951,5
7952,4
7953,1
7954,1
7955,1
7956,3
7957,2
7958,5
7959,5
7960,3
7961,2
7962,3
7963,5
7964,2
7965,1
7966,3
7967,2
7968,3
7969,2
7970,2
7971,2
7972,1
7973,2
7974,2
7975,4
7976,5
7977,4
7978,5
7979,5
7980,4
7981,2
7982,5
7983,1
7984,3
7985,2
7986,4
7987,1
7988,1
7989,3
7990,5
7991,3
7992,5
7993,3
7994,4
7995,3
7996,2
7997,3
7998,1
7999,1
8000,4
8001,5
8002,3
8003,5
8004,2
8005,3
8006,3
8007,4
8008,1
8009,2
8010,1
8011,5
8012,5
8013,4
8014,1
8015,1
8016,2
8017,3
8018,3
8019,4
8020,2
8021,4
8022,4
8023,5
8024,4
8025,2
8026,1
8027,3
8028,2
8029,3
8030,3
8031,2
8032,2
8033,5
8034,2
8035,2
8036,5
8037,1
8038,1
8039,4
8040,1
8041,3
8042,2
8043,5
8044,5
8045,4
8046,2
8047,5
8048,1
8049,5
8050,3
8051,5
8052,2
8053,1
8054,4
8055,5
8056,4
8057,1
8058,1
8059,1
8060,2
8061,5
8062,5
8063,4
8064,5
8065,1
8066,3
8067,5
8068,3
8069,1
8070,5
8071,1
8072,1
8073,3
8074,1
8075,2
8076,4
8077,2
8078,3
8079,4
8080,1
8081,1
8082,4
8083,1
8084,4
8085,4
8086,5
8087,1
8088,3
8089,5
8090,4
8091,3
8092,4
8093,4
8094,3
8095,1
8096,4
8097,4
8098,3
8099,5
8100,5
8101,4
8102,3
8103,4
8104,5
8105,3
8106,5
8107,2
8108,3
8109,3
8110,2
8111,2
8112,2
8113,1
8114,1
8115,5
8116,2
8117,4
8118,5
8119,1
8120,4
8121,2
8122,1
8123,3
8124,4
8125,2
8126,4
8127,2
8128,3
8129,3
8130,3
8131,4
8132,2
8133,5
8134,5
8135,5
8136,4
8137,4
8138,1
8139,2
8140,1
8141,2
8142,3
8143,1
8144,3
8145,3
8146,1
8147,3
8148,4
8149,3
8150,1
8151,1
8152,3
8153,1
8154,1
8155,3
8156,4
8157,1
8158,2
8159,4
8160,3
8161,1
8162,4
8163,1
8164,1
8165,5
8166,5
8167,2
8168,4
8169,2
8170,2
8171,4
8172,1
8173,3
8174,2
8175,1
8176,3
8177,4
8178,5
8179,4
8180,3
8181,2
8182,5
8183,5
8184,3
8185,5
8186,5
8187,3
8188,3
8189,1
8190,2
8191,3
8192,2
8193,1
8194,4
8195,2
8196,4
8197,1
8198,5
8199,3
8200,3
8201,2
8202,3
8203,2
8204,5
8205,5
8206,2
8207,5
8208,2
8209,4
8210,4
8211,4
8212,5
8213,3
8214,4
8215,4
8216,5
8217,5
8218,3
8219,5
8220,3
8221,1
8222,2
8223,4
8224,5
8225,2
8226,1
8227,4
8228,2
8229,4
8230,1
8231,4
8232,1
8233,5
8234,1
8235,4
8236,2
8237,1
8238,4
8239,4
8240,1
8241,5
8242,3
8243,2
8244,2
8245,2
8246,1
8247,2
8248,3
8249,4
8250,2
8251,4
8252,3
8253,4
8254,4
8255,5
8256,5
8257,3
8258,2
8259,4
8260,3
8261,5
8262,2
8263,5
8264,5
8265,5
8266,3
8267,1
8268,1
8269,3
8270,2
8271,2
8272,3
8273,4
8274,2
8275,3
8276,5
8277,5
8278,2
8279,2
8280,5
8281,3
8282,2
8283,4
8284,5
8285,2
8286,3
8287,2
8288,3
8289,5
8290,4
8291,3
8292,2
8293,3
8294,1
8295,2
8296,4
8297,2
8298,4
8299,2
8300,3
8301,1
8302,3
8303,2
8304,3
8305,3
8306,1
8307,5
8308,5
8309,4
8310,4
8311,1
8312,3
8313,1
8314,3
8315,5
8316,5
8317,2
8318,5
8319,5
8320,2
8321,2
8322,4
8323,1
8324,4
8325,3
8326,3
8327,1
8328,2
8329,2
8330,4
8331,4
8332,4
8333,4
8334,2
8335,3
8336,1
8337,2
8338,4
8339,1
8340,5
8341,3
8342,5
8343,4
8344,1
8345,1
8346,2
8347,2
8348,3
8349,4
8350,3
8351,3
8352,4
8353,3
8354,4
8355,1
8356,5
8357,1
8358,2
8359,2
8360,2
8361,2
8362,1
8363,2
8364,5
8365,2
8366,1
8367,4
8368,3
8369,3
8370,4
8371,2
8372,3
8373,2
8374,3
8375,5
8376,2
8377,4
8378,1
8379,3
8380,2
8381,4
8382,1
8383,1
8384,5
8385,2
8386,5
8387,1
8388,3
8389,3
8390,2
8391,3
8392,5
8393,1
8394,1
8395,1
8396,1
8397,4
8398,1
8399,3
8400,2
8401,4
8402,4
8403,3
8404,4
8405,5
8406,3
8407,3
8408,3
8409,5
8410,1
8411,3
8412,3
8413,5
8414,5
8415,1
8416,3
8417,3
8418,5
8419,1
8420,1
8421,1
8422,2
8423,1
8424,2
8425,2
8426,2
8427,5
8428,5
8429,3
8430,5
8431,1
8432,3
8433,4
8434,4
8435,2
8436,1
8437,4
8438,2
8439,2
8440,2
8441,5
8442,5
8443,3
8444,5
8445,3
8446,4
8447,4
8448,4
8449,1
8450,4
8451,3
8452,1
8453,1
8454,3
8455,4
8456,3
8457,1
8458,2
8459,3
8460,4
8461,1
8462,1
8463,1
8464,5
8465,4
8466,3
8467,3
8468,2
8469,4
8470,2
8471,4
8472,2
8473,3
8474,3
8475,2
8476,1
8477,5
8478,3
8479,4
8480,4
8481,5
8482,5
8483,2
8484,5
8485,4
8486,5
8487,1
8488,2
8489,4
8490,5
8491,5
8492,3
8493,4
8494,3
8495,4
8496,4
8497,3
8498,1
8499,2
8500,4
8501,4
8502,2
8503,3
8504,2
8505,1
8506,5
8507,1
8508,5
8509,5
8510,1
8511,5
8512,5
8513,2
8514,2
8515,3
8516,2
8517,5
8518,4
8519,3
8520,5
8521,4
8522,4
8523,3
8524,4
8525,1
8526,1
8527,4
8528,3
8529,2
8530,4
8531,1
8532,1
8533,4
8534,1
8535,2
8536,2
8537,3
8538,3
8539,3
8540,2
8541,5
8542,3
8543,2
8544,2
8545,1
8546,3
8547,4
8548,4
8549,2
8550,1
8551,4
8552,1
8553,3
8554,1
8555,1
8556,3
8557,5
8558,5
8559,2
8560,2
8561,2
8562,3
8563,2
8564,1
8565,2
8566,5
8567,4
8568,5
8569,3
8570,1
8571,2
8572,3
8573,1
8574,5
8575,3
8576,3
8577,2
8578,4
8579,5
8580,1
8581,1
8582,4
8583,4
8584,2
8585,3
8586,5
8587,1
8588,1
8589,5
8590,4
8591,3
8592,5
8593,2
8594,5
8595,1
8596,4
8597,1
8598,4
8599,2
8600,5
8601,5
8602,4
8603,3
8604,2
8605,5
8606,2
8607,2
8608,5
8609,2
8610,2
8611,2
8612,5
8613,3
8614,4
8615,1
8616,4
8617,3
8618,3
8619,5
8620,1
8621,5
8622,3
8623,3
8624,5
8625,3
8626,3
8627,3
8628,5
8629,4
8630,4
8631,5
8632,1
8633,4
8634,5
8635,3
8636,3
8637,4
8638,2
8639,2
8640,4
8641,1
8642,4
8643,1
8644,5
8645,1
8646,1
8647,5
8648,5
8649,3
8650,2
8651,3
8652,4
8653,3
8654,1
8655,1
8656,3
8657,5
8658,4
8659,4
8660,2
8661,3
8662,5
8663,4
8664,4
8665,5
8666,2
8667,3
8668,4
8669,1
8670,4
8671,5
8672,2
8673,4
8674,3
8675,1
8676,3
8677,4
8678,1
8679,5
8680,5
8681,5
8682,1
8683,3
8684,2
8685,1
8686,5
8687,1
8688,5
8689,1
8690,4
8691,1
8692,3
8693,1
8694,5
8695,5
8696,1
8697,1
8698,4
8699,1
8700,3
8701,5
8702,2
8703,2
8704,2
8705,4
8706,4
8707,5
8708,5
8709,1
8710,1
8711,5
8712,3
8713,1
8714,2
8715,4
8716,3
8717,1
8718,2
8719,4
8720,3
8721,4
8722,5
8723,2
8724,1
8725,3
8726,4
8727,5
8728,1
8729,1
8730,1
8731,4
8732,4
8733,1
8734,2
8735,3
8736,3
8737,5
8738,3
8739,4
8740,5
8741,3
8742,5
8743,4
8744,3
8745,4
8746,1
8747,2
8748,3
8749,5
8750,5
8751,5
8752,3
8753,2
8754,4
8755,5
8756,2
8757,1
8758,2
8759,4
8760,1
8761,5
8762,2
8763,2
8764,3
8765,3
8766,5
8767,1
8768,5
8769,1
8770,2
8771,2
8772,3
8773,2
8774,2
8775,1
8776,1
8777,3
8778,4
8779,4
8780,2
8781,2
8782,5
8783,4
8784,4
8785,3
8786,4
8787,1
8788,3
8789,1
8790,3
8791,5
8792,5
8793,2
8794,5
8795,5
8796,5
8797,2
8798,3
8799,2
8800,1
8801,2
8802,1
8803,4
8804,5
8805,2
8806,4
8807,4
8808,2
8809,1
8810,5
8811,4
8812,2
8813,3
8814,3
8815,5
8816,3
8817,1
8818,2
8819,5
8820,5
8821,3
8822,4
8823,5
8824,3
8825,2
8826,4
8827,2
8828,1
8829,5
8830,5
8831,2
8832,4
8833,4
8834,2
8835,3
8836,2
8837,5
8838,1
8839,3
8840,1
8841,3
8842,4
8843,1
8844,5
8845,2
8846,1
8847,4
8848,1
8849,2
8850,3
8851,5
8852,2
8853,3
8854,2
8855,3
8856,2
8857,4
8858,2
8859,4
8860,5
8861,5
8862,3
8863,2
8864,3
8865,5
8866,4
8867,5
8868,4
8869,5
8870,5
8871,5
8872,1
8873,5
8874,3
8875,5
8876,5
8877,3
8878,3
8879,4
8880,2
8881,4
8882,1
8883,3
8884,3
8885,4
8886,3
8887,4
8888,2
8889,1
8890,4
8891,5
8892,3
8893,4
8894,5
8895,4
8896,1
8897,4
8898,4
8899,3
8900,5
8901,3
8902,4
8903,2
8904,4
8905,1
8906,5
8907,5
8908,1
8909,5
8910,5
8911,4
8912,5
8913,4
8914,2
8915,3
8916,2
8917,4
8918,1
8919,5
8920,5
8921,5
8922,1
8923,5
8924,4
8925,1
8926,2
8927,5
8928,3
8929,3
8930,3
8931,4
8932,3
8933,2
8934,3
8935,4
8936,2
8937,3
8938,3
8939,4
8940,5
8941,5
8942,4
8943,3
8944,1
8945,5
8946,4
8947,5
8948,4
8949,5
8950,1
8951,3
8952,3
8953,3
8954,3
8955,4
8956,3
8957,4
8958,1
8959,4
8960,3
8961,4
8962,1
8963,2
8964,3
8965,4
8966,1
8967,4
8968,2
8969,1
8970,1
8971,5
8972,3
8973,5
8974,1
8975,4
8976,5
8977,1
8978,5
8979,3
8980,5
8981,1
8982,3
8983,2
8984,1
8985,1
8986,4
8987,3
8988,3
8989,3
8990,1
8991,4
8992,3
8993,4
8994,3
8995,4
8996,3
8997,2
8998,1
8999,3
9000,1
9001,3
9002,1
9003,1
9004,1
9005,4
9006,1
9007,1
9008,3
9009,1
9010,5
9011,5
9012,1
9013,4
9014,1
9015,2
9016,4
9017,5
9018,2
9019,5
9020,3
9021,4
9022,1
9023,2
9024,1
9025,1
9026,3
9027,3
9028,1
9029,5
9030,2
9031,4
9032,1
9033,2
9034,2
9035,5
9036,5
9037,3
9038,2
9039,2
9040,5
9041,3
9042,4
9043,2
9044,4
9045,4
9046,3
9047,3
9048,4
9049,1
9050,1
9051,1
9052,4
9053,1
9054,1
9055,2
9056,2
9057,5
9058,4
9059,2
9060,3
9061,5
9062,3
9063,2
9064,5
9065,5
9066,2
9067,2
9068,5
9069,3
9070,1
9071,2
9072,4
9073,5
9074,5
9075,1
9076,5
9077,5
9078,5
9079,2
9080,3
9081,4
9082,1
9083,5
9084,2
9085,2
9086,4
9087,2
9088,5
9089,2
9090,1
9091,3
9092,3
9093,1
9094,1
9095,5
9096,1
9097,2
9098,1
9099,4
9100,2
9101,1
9102,5
9103,4
9104,5
9105,2
9106,5
9107,3
9108,5
9109,3
9110,4
9111,3
9112,1
9113,2
9114,3
9115,3
9116,1
9117,5
9118,2
9119,5
9120,3
9121,3
9122,4
9123,2
9124,4
9125,3
9126,4
9127,1
9128,2
9129,2
9130,5
9131,1
9132,3
9133,4
9134,4
9135,5
9136,3
9137,2
9138,1
9139,1
9140,4
9141,4
9142,2
9143,1
9144,5
9145,3
9146,4
9147,1
9148,1
9149,3
9150,4
9151,1
9152,2
9153,3
9154,2
9155,5
9156,4
9157,4
9158,1
9159,5
9160,3
9161,4
9162,1
9163,4
9164,3
9165,5
9166,2
9167,5
9168,2
9169,5
9170,2
9171,3
9172,5
9173,1
9174,1
9175,5
9176,3
9177,4
9178,3
9179,5
9180,2
9181,3
9182,5
9183,3
9184,1
9185,1
9186,4
9187,3
9188,4
9189,4
9190,3
9191,4
9192,4
9193,1
9194,3
9195,2
9196,4
9197,5
9198,1
9199,4
9200,2
9201,5
9202,5
9203,3
9204,1
9205,4
9206,1
9207,3
9208,5
9209,4
9210,3
9211,2
9212,2
9213,3
9214,5
9215,2
9216,1
9217,4
9218,2
9219,1
9220,1
9221,5
9222,1
9223,1
9224,4
9225,2
9226,2
9227,5
9228,5
9229,4
9230,5
9231,1
9232,5
9233,3
9234,1
9235,5
9236,5
9237,4
9238,2
9239,1
9240,4
9241,1
9242,4
9243,3
9244,4
9245,1
9246,1
9247,2
9248,2
9249,1
9250,5
9251,1
9252,1
9253,4
9254,4
9255,1
9256,1
9257,3
9258,3
9259,5
9260,2
9261,5
9262,4
9263,1
9264,2
9265,2
9266,2
9267,4
9268,1
9269,1
9270,3
9271,5
9272,5
9273,3
9274,1
9275,3
9276,1
9277,5
9278,3
9279,3
9280,2
9281,2
9282,4
9283,5
9284,1
9285,2
9286,2
9287,2
9288,2
9289,5
9290,4
9291,3
9292,1
9293,3
9294,2
9295,4
9296,5
9297,3
9298,1
9299,1
9300,4
9301,3
9302,4
9303,3
9304,3
9305,4
9306,3
9307,2
9308,5
9309,1
9310,1
9311,2
9312,2
9313,4
9314,4
9315,4
9316,5
9317,5
9318,1
9319,4
9320,1
9321,2
9322,4
9323,1
9324,5
9325,1
9326,5
9327,5
9328,5
9329,5
9330,2
9331,3
9332,3
9333,3
9334,5
9335,4
9336,3
9337,5
9338,3
9339,2
9340,3
9341,1
9342,2
9343,1
9344,2
9345,4
9346,2
9347,2
9348,2
9349,5
9350,1
9351,1
9352,3
9353,2
9354,1
9355,2
9356,5
9357,4
9358,2
9359,1
9360,3
9361,5
9362,2
9363,4
9364,2
9365,3
9366,3
9367,1
9368,2
9369,4
9370,2
9371,5
9372,4
9373,1
9374,2
9375,2
9376,5
9377,2
9378,2
9379,5
9380,4
9381,4
9382,3
9383,3
9384,2
9385,4
9386,5
9387,4
9388,1
9389,3
9390,2
9391,3
9392,3
9393,4
9394,3
9395,3
9396,1
9397,2
9398,5
9399,4
9400,1
9401,4
9402,4
9403,1
9404,5
9405,4
9406,3
9407,3
9408,1
9409,4
9410,3
9411,2
9412,3
9413,2
9414,5
9415,5
9416,3
9417,1
9418,3
9419,5
9420,2
9421,5
9422,5
9423,5
9424,2
9425,3
9426,1
9427,2
9428,3
9429,2
9430,1
9431,3
9432,1
9433,4
9434,4
9435,4
9436,2
9437,5
9438,3
9439,2
9440,2
9441,4
9442,2
9443,2
9444,3
9445,4
9446,5
9447,2
9448,3
9449,1
9450,4
9451,5
9452,1
9453,1
9454,2
9455,5
9456,3
9457,3
9458,3
9459,1
9460,4
9461,3
9462,3
9463,1
9464,1
9465,5
9466,5
9467,4
9468,4
9469,2
9470,3
9471,5
9472,4
9473,2
9474,2
9475,1
9476,2
9477,2
9478,3
9479,4
9480,2
9481,4
9482,2
9483,5
9484,2
9485,2
9486,2
9487,4
9488,5
9489,2
9490,3
9491,4
9492,3
9493,1
9494,2
9495,1
9496,4
9497,4
9498,5
9499,3
9500,2
9501,5
9502,5
9503,1
9504,5
9505,3
9506,3
9507,1
9508,1
9509,2
9510,2
9511,5
9512,3
9513,2
9514,2
9515,1
9516,3
9517,4
9518,5
9519,4
9520,4
9521,1
9522,4
9523,3
9524,4
9525,1
9526,2
9527,2
9528,3
9529,4
9530,4
9531,1
9532,4
9533,5
9534,5
9535,1
9536,2
9537,1
9538,1
9539,2
9540,5
9541,3
9542,3
9543,1
9544,1
9545,5
9546,4
9547,5
9548,2
9549,5
9550,5
9551,1
9552,3
9553,1
9554,4
9555,1
9556,1
9557,2
9558,4
9559,2
9560,5
9561,4
9562,1
9563,1
9564,1
9565,1
9566,4
9567,3
9568,3
9569,2
9570,1
9571,5
9572,1
9573,1
9574,3
9575,3
9576,1
9577,5
9578,5
9579,2
9580,3
9581,1
9582,3
9583,1
9584,1
9585,2
9586,4
9587,1
9588,3
9589,5
9590,5
9591,3
9592,4
9593,2
9594,3
9595,1
9596,2
9597,4
9598,3
9599,4
9600,2
9601,1
9602,3
9603,4
9604,3
9605,3
9606,1
9607,4
9608,5
9609,2
9610,3
9611,3
9612,2
9613,3
9614,5
9615,3
9616,1
9617,4
9618,5
9619,2
9620,2
9621,1
9622,2
9623,2
9624,3
9625,1
9626,5
9627,4
9628,3
9629,2
9630,5
9631,5
9632,3
9633,1
9634,3
9635,1
9636,5
9637,4
9638,5
9639,4
9640,4
9641,2
9642,5
9643,2
9644,1
9645,4
9646,4
9647,5
9648,2
9649,5
9650,1
9651,4
9652,3
9653,2
9654,3
9655,1
9656,3
9657,4
9658,5
9659,2
9660,5
9661,5
9662,4
9663,3
9664,3
9665,1
9666,1
9667,4
9668,2
9669,4
9670,3
9671,4
9672,4
9673,1
9674,4
9675,3
9676,2
9677,3
9678,3
9679,4
9680,3
9681,1
9682,1
9683,3
9684,5
9685,3
9686,5
9687,1
9688,4
9689,5
9690,2
9691,4
9692,5
9693,4
9694,5
9695,4
9696,3
9697,5
9698,3
9699,5
9700,2
9701,5
9702,2
9703,3
9704,2
9705,4
9706,3
9707,1
9708,2
9709,1
9710,1
9711,4
9712,5
9713,2
9714,2
9715,2
9716,3
9717,4
9718,3
9719,2
9720,4
9721,2
9722,2
9723,1
9724,5
9725,4
9726,4
9727,5
9728,4
9729,1
9730,4
9731,2
9732,2
9733,1
9734,4
9735,1
9736,5
9737,3
9738,2
9739,2
9740,1
9741,5
9742,1
9743,3
9744,2
9745,5
9746,5
9747,1
9748,2
9749,4
9750,4
9751,2
9752,3
9753,2
9754,2
9755,4
9756,4
9757,5
9758,2
9759,2
9760,5
9761,4
9762,2
9763,3
9764,4
9765,2
9766,4
9767,2
9768,2
9769,2
9770,3
9771,4
9772,2
9773,1
9774,2
9775,4
9776,2
9777,3
9778,2
9779,5
9780,2
9781,1
9782,3
9783,2
9784,5
9785,3
9786,2
9787,5
9788,2
9789,3
9790,2
9791,1
9792,2
9793,2
9794,1
9795,4
9796,4
9797,5
9798,1
9799,3
9800,4
9801,5
9802,4
9803,2
9804,4
9805,4
9806,2
9807,5
9808,2
9809,4
9810,4
9811,2
9812,2
9813,4
9814,4
9815,4
9816,1
9817,4
9818,2
9819,4
9820,1
9821,5
9822,5
9823,3
9824,2
9825,3
9826,3
9827,3
9828,2
9829,1
9830,1
9831,4
9832,3
9833,4
9834,1
9835,4
9836,5
9837,4
9838,3
9839,2
9840,4
9841,5
9842,5
9843,3
9844,5
9845,5
9846,3
9847,3
9848,4
9849,5
9850,4
9851,2
9852,1
9853,3
9854,5
9855,5
9856,3
9857,3
9858,2
9859,5
9860,4
9861,2
9862,2
9863,2
9864,3
9865,4
9866,2
9867,4
9868,1
9869,2
9870,5
9871,3
9872,5
9873,1
9874,1
9875,1
9876,1
9877,2
9878,5
9879,5
9880,3
9881,4
9882,4
9883,3
9884,3
9885,5
9886,5
9887,1
9888,1
9889,5
9890,5
9891,2
9892,5
9893,3
9894,1
9895,5
9896,3
9897,2
9898,1
9899,3
9900,5
